Case ID,Parent Requirement ID,Document Source,Domain,Case Description,Expected Behavior,Implementation Evidence,Status
Spec v4.1::SHA-256,AUD-V41-ORIG-001,Spec v4.1,v4.1,Explicit specification requirement case SHA-256 extracted from Spec v4.1,System must enforce contract rules specified under SHA-256,src/core/autogram_core/,PARTIAL
Spec v4.3::SHA-256,AUD-V43-FMT-001,Spec v4.3,v4.3,Explicit specification requirement case SHA-256 extracted from Spec v4.3,System must enforce contract rules specified under SHA-256,src/core/autogram_core/,PARTIAL
Spec v4.3::CAP-001,AUD-V41-CAP-001,Spec v4.3,v4.3,Explicit specification requirement case CAP-001 extracted from Spec v4.3,System must enforce contract rules specified under CAP-001,src/core/autogram_core/,PARTIAL
Spec v4.3::CAP-002,AUD-V41-CAP-001,Spec v4.3,v4.3,Explicit specification requirement case CAP-002 extracted from Spec v4.3,System must enforce contract rules specified under CAP-002,src/core/autogram_core/,PARTIAL
Spec v4.3::CAP-003,AUD-V41-CAP-001,Spec v4.3,v4.3,Explicit specification requirement case CAP-003 extracted from Spec v4.3,System must enforce contract rules specified under CAP-003,src/core/autogram_core/,PARTIAL
Spec v4.3::CAP-004,AUD-V41-CAP-001,Spec v4.3,v4.3,Explicit specification requirement case CAP-004 extracted from Spec v4.3,System must enforce contract rules specified under CAP-004,src/core/autogram_core/,PARTIAL
Spec v4.3::CAP-005,AUD-V41-CAP-001,Spec v4.3,v4.3,Explicit specification requirement case CAP-005 extracted from Spec v4.3,System must enforce contract rules specified under CAP-005,src/core/autogram_core/,PARTIAL
Spec v4.3::CAP-006,AUD-V41-CAP-001,Spec v4.3,v4.3,Explicit specification requirement case CAP-006 extracted from Spec v4.3,System must enforce contract rules specified under CAP-006,src/core/autogram_core/,PARTIAL
Spec v4.3::CAP-007,AUD-V41-CAP-001,Spec v4.3,v4.3,Explicit specification requirement case CAP-007 extracted from Spec v4.3,System must enforce contract rules specified under CAP-007,src/core/autogram_core/,PARTIAL
Spec v4.3::CAP-008,AUD-V41-CAP-001,Spec v4.3,v4.3,Explicit specification requirement case CAP-008 extracted from Spec v4.3,System must enforce contract rules specified under CAP-008,src/core/autogram_core/,PARTIAL
Spec v4.3::CAP-009,AUD-V41-CAP-001,Spec v4.3,v4.3,Explicit specification requirement case CAP-009 extracted from Spec v4.3,System must enforce contract rules specified under CAP-009,src/core/autogram_core/,PARTIAL
Spec v4.3::CAP-010,AUD-V41-CAP-001,Spec v4.3,v4.3,Explicit specification requirement case CAP-010 extracted from Spec v4.3,System must enforce contract rules specified under CAP-010,src/core/autogram_core/,PARTIAL
Spec v4.3::IMG-001,AUD-V43-FMT-001,Spec v4.3,v4.3,Explicit specification requirement case IMG-001 extracted from Spec v4.3,System must enforce contract rules specified under IMG-001,src/core/autogram_core/,PARTIAL
Spec v4.3::IMG-002,AUD-V43-FMT-001,Spec v4.3,v4.3,Explicit specification requirement case IMG-002 extracted from Spec v4.3,System must enforce contract rules specified under IMG-002,src/core/autogram_core/,PARTIAL
Spec v4.3::IMG-003,AUD-V43-FMT-001,Spec v4.3,v4.3,Explicit specification requirement case IMG-003 extracted from Spec v4.3,System must enforce contract rules specified under IMG-003,src/core/autogram_core/,PARTIAL
Spec v4.3::IMG-004,AUD-V43-FMT-001,Spec v4.3,v4.3,Explicit specification requirement case IMG-004 extracted from Spec v4.3,System must enforce contract rules specified under IMG-004,src/core/autogram_core/,PARTIAL
Spec v4.3::IMG-005,AUD-V43-FMT-001,Spec v4.3,v4.3,Explicit specification requirement case IMG-005 extracted from Spec v4.3,System must enforce contract rules specified under IMG-005,src/core/autogram_core/,PARTIAL
Spec v4.3::IMG-006,AUD-V43-FMT-001,Spec v4.3,v4.3,Explicit specification requirement case IMG-006 extracted from Spec v4.3,System must enforce contract rules specified under IMG-006,src/core/autogram_core/,PARTIAL
Spec v4.3::IMG-007,AUD-V43-FMT-001,Spec v4.3,v4.3,Explicit specification requirement case IMG-007 extracted from Spec v4.3,System must enforce contract rules specified under IMG-007,src/core/autogram_core/,PARTIAL
Spec v4.3::IMG-008,AUD-V43-FMT-001,Spec v4.3,v4.3,Explicit specification requirement case IMG-008 extracted from Spec v4.3,System must enforce contract rules specified under IMG-008,src/core/autogram_core/,PARTIAL
Spec v4.3::IMG-009,AUD-V43-FMT-001,Spec v4.3,v4.3,Explicit specification requirement case IMG-009 extracted from Spec v4.3,System must enforce contract rules specified under IMG-009,src/core/autogram_core/,PARTIAL
Spec v4.3::IMG-010,AUD-V43-FMT-001,Spec v4.3,v4.3,Explicit specification requirement case IMG-010 extracted from Spec v4.3,System must enforce contract rules specified under IMG-010,src/core/autogram_core/,PARTIAL
Spec v4.3::IMG-011,AUD-V43-FMT-001,Spec v4.3,v4.3,Explicit specification requirement case IMG-011 extracted from Spec v4.3,System must enforce contract rules specified under IMG-011,src/core/autogram_core/,PARTIAL
Spec v4.3::IMG-012,AUD-V43-FMT-001,Spec v4.3,v4.3,Explicit specification requirement case IMG-012 extracted from Spec v4.3,System must enforce contract rules specified under IMG-012,src/core/autogram_core/,PARTIAL
Spec v4.3::IMG-013,AUD-V43-FMT-001,Spec v4.3,v4.3,Explicit specification requirement case IMG-013 extracted from Spec v4.3,System must enforce contract rules specified under IMG-013,src/core/autogram_core/,PARTIAL
Spec v4.3::IMG-014,AUD-V43-FMT-001,Spec v4.3,v4.3,Explicit specification requirement case IMG-014 extracted from Spec v4.3,System must enforce contract rules specified under IMG-014,src/core/autogram_core/,PARTIAL
Spec v4.3::IMG-015,AUD-V43-FMT-001,Spec v4.3,v4.3,Explicit specification requirement case IMG-015 extracted from Spec v4.3,System must enforce contract rules specified under IMG-015,src/core/autogram_core/,PARTIAL
Spec v4.3::IMG-016,AUD-V43-FMT-001,Spec v4.3,v4.3,Explicit specification requirement case IMG-016 extracted from Spec v4.3,System must enforce contract rules specified under IMG-016,src/core/autogram_core/,PARTIAL
Spec v4.3::VID-001,AUD-V43-FMT-001,Spec v4.3,v4.3,Explicit specification requirement case VID-001 extracted from Spec v4.3,System must enforce contract rules specified under VID-001,src/core/autogram_core/,PARTIAL
Spec v4.3::VID-002,AUD-V43-FMT-001,Spec v4.3,v4.3,Explicit specification requirement case VID-002 extracted from Spec v4.3,System must enforce contract rules specified under VID-002,src/core/autogram_core/,PARTIAL
Spec v4.3::VID-003,AUD-V43-FMT-001,Spec v4.3,v4.3,Explicit specification requirement case VID-003 extracted from Spec v4.3,System must enforce contract rules specified under VID-003,src/core/autogram_core/,PARTIAL
Spec v4.3::VID-004,AUD-V43-FMT-001,Spec v4.3,v4.3,Explicit specification requirement case VID-004 extracted from Spec v4.3,System must enforce contract rules specified under VID-004,src/core/autogram_core/,PARTIAL
Spec v4.3::VID-005,AUD-V43-FMT-001,Spec v4.3,v4.3,Explicit specification requirement case VID-005 extracted from Spec v4.3,System must enforce contract rules specified under VID-005,src/core/autogram_core/,PARTIAL
Spec v4.3::VID-006,AUD-V43-FMT-001,Spec v4.3,v4.3,Explicit specification requirement case VID-006 extracted from Spec v4.3,System must enforce contract rules specified under VID-006,src/core/autogram_core/,PARTIAL
Spec v4.3::VID-007,AUD-V43-FMT-001,Spec v4.3,v4.3,Explicit specification requirement case VID-007 extracted from Spec v4.3,System must enforce contract rules specified under VID-007,src/core/autogram_core/,PARTIAL
Spec v4.3::VID-008,AUD-V43-FMT-001,Spec v4.3,v4.3,Explicit specification requirement case VID-008 extracted from Spec v4.3,System must enforce contract rules specified under VID-008,src/core/autogram_core/,PARTIAL
Spec v4.3::VID-009,AUD-V43-FMT-001,Spec v4.3,v4.3,Explicit specification requirement case VID-009 extracted from Spec v4.3,System must enforce contract rules specified under VID-009,src/core/autogram_core/,PARTIAL
Spec v4.3::VID-010,AUD-V43-FMT-001,Spec v4.3,v4.3,Explicit specification requirement case VID-010 extracted from Spec v4.3,System must enforce contract rules specified under VID-010,src/core/autogram_core/,PARTIAL
Spec v4.3::VID-011,AUD-V43-FMT-001,Spec v4.3,v4.3,Explicit specification requirement case VID-011 extracted from Spec v4.3,System must enforce contract rules specified under VID-011,src/core/autogram_core/,PARTIAL
Spec v4.3::VID-012,AUD-V43-FMT-001,Spec v4.3,v4.3,Explicit specification requirement case VID-012 extracted from Spec v4.3,System must enforce contract rules specified under VID-012,src/core/autogram_core/,PARTIAL
Spec v4.3::VID-013,AUD-V43-FMT-001,Spec v4.3,v4.3,Explicit specification requirement case VID-013 extracted from Spec v4.3,System must enforce contract rules specified under VID-013,src/core/autogram_core/,PARTIAL
Spec v4.3::VID-014,AUD-V43-FMT-001,Spec v4.3,v4.3,Explicit specification requirement case VID-014 extracted from Spec v4.3,System must enforce contract rules specified under VID-014,src/core/autogram_core/,PARTIAL
Spec v4.3::VID-015,AUD-V43-FMT-001,Spec v4.3,v4.3,Explicit specification requirement case VID-015 extracted from Spec v4.3,System must enforce contract rules specified under VID-015,src/core/autogram_core/,PARTIAL
Spec v4.3::VID-016,AUD-V43-FMT-001,Spec v4.3,v4.3,Explicit specification requirement case VID-016 extracted from Spec v4.3,System must enforce contract rules specified under VID-016,src/core/autogram_core/,PARTIAL
Spec v4.3::VID-017,AUD-V43-FMT-001,Spec v4.3,v4.3,Explicit specification requirement case VID-017 extracted from Spec v4.3,System must enforce contract rules specified under VID-017,src/core/autogram_core/,PARTIAL
Spec v4.3::VID-018,AUD-V43-FMT-001,Spec v4.3,v4.3,Explicit specification requirement case VID-018 extracted from Spec v4.3,System must enforce contract rules specified under VID-018,src/core/autogram_core/,PARTIAL
Spec v4.3::VID-019,AUD-V43-FMT-001,Spec v4.3,v4.3,Explicit specification requirement case VID-019 extracted from Spec v4.3,System must enforce contract rules specified under VID-019,src/core/autogram_core/,PARTIAL
Spec v4.3::VID-020,AUD-V43-FMT-001,Spec v4.3,v4.3,Explicit specification requirement case VID-020 extracted from Spec v4.3,System must enforce contract rules specified under VID-020,src/core/autogram_core/,PARTIAL
Spec v4.3::AUD-001,AUD-V43-FMT-001,Spec v4.3,v4.3,Explicit specification requirement case AUD-001 extracted from Spec v4.3,System must enforce contract rules specified under AUD-001,src/core/autogram_core/,PARTIAL
Spec v4.3::AUD-002,AUD-V43-FMT-001,Spec v4.3,v4.3,Explicit specification requirement case AUD-002 extracted from Spec v4.3,System must enforce contract rules specified under AUD-002,src/core/autogram_core/,PARTIAL
Spec v4.3::AUD-003,AUD-V43-FMT-001,Spec v4.3,v4.3,Explicit specification requirement case AUD-003 extracted from Spec v4.3,System must enforce contract rules specified under AUD-003,src/core/autogram_core/,PARTIAL
Spec v4.3::AUD-004,AUD-V43-FMT-001,Spec v4.3,v4.3,Explicit specification requirement case AUD-004 extracted from Spec v4.3,System must enforce contract rules specified under AUD-004,src/core/autogram_core/,PARTIAL
Spec v4.3::AUD-005,AUD-V43-FMT-001,Spec v4.3,v4.3,Explicit specification requirement case AUD-005 extracted from Spec v4.3,System must enforce contract rules specified under AUD-005,src/core/autogram_core/,PARTIAL
Spec v4.3::AUD-006,AUD-V43-FMT-001,Spec v4.3,v4.3,Explicit specification requirement case AUD-006 extracted from Spec v4.3,System must enforce contract rules specified under AUD-006,src/core/autogram_core/,PARTIAL
Spec v4.3::AUD-007,AUD-V43-FMT-001,Spec v4.3,v4.3,Explicit specification requirement case AUD-007 extracted from Spec v4.3,System must enforce contract rules specified under AUD-007,src/core/autogram_core/,PARTIAL
Spec v4.3::AUD-008,AUD-V43-FMT-001,Spec v4.3,v4.3,Explicit specification requirement case AUD-008 extracted from Spec v4.3,System must enforce contract rules specified under AUD-008,src/core/autogram_core/,PARTIAL
Spec v4.3::AUD-009,AUD-V43-FMT-001,Spec v4.3,v4.3,Explicit specification requirement case AUD-009 extracted from Spec v4.3,System must enforce contract rules specified under AUD-009,src/core/autogram_core/,PARTIAL
Spec v4.3::AUD-010,AUD-V43-FMT-001,Spec v4.3,v4.3,Explicit specification requirement case AUD-010 extracted from Spec v4.3,System must enforce contract rules specified under AUD-010,src/core/autogram_core/,PARTIAL
Spec v4.3::ANI-001,AUD-V43-FMT-001,Spec v4.3,v4.3,Explicit specification requirement case ANI-001 extracted from Spec v4.3,System must enforce contract rules specified under ANI-001,src/core/autogram_core/,PARTIAL
Spec v4.3::ANI-002,AUD-V43-FMT-001,Spec v4.3,v4.3,Explicit specification requirement case ANI-002 extracted from Spec v4.3,System must enforce contract rules specified under ANI-002,src/core/autogram_core/,PARTIAL
Spec v4.3::ANI-003,AUD-V43-FMT-001,Spec v4.3,v4.3,Explicit specification requirement case ANI-003 extracted from Spec v4.3,System must enforce contract rules specified under ANI-003,src/core/autogram_core/,PARTIAL
Spec v4.3::STK-001,AUD-V43-FMT-001,Spec v4.3,v4.3,Explicit specification requirement case STK-001 extracted from Spec v4.3,System must enforce contract rules specified under STK-001,src/core/autogram_core/,PARTIAL
Spec v4.3::STK-002,AUD-V43-FMT-001,Spec v4.3,v4.3,Explicit specification requirement case STK-002 extracted from Spec v4.3,System must enforce contract rules specified under STK-002,src/core/autogram_core/,PARTIAL
Spec v4.3::STK-003,AUD-V43-FMT-001,Spec v4.3,v4.3,Explicit specification requirement case STK-003 extracted from Spec v4.3,System must enforce contract rules specified under STK-003,src/core/autogram_core/,PARTIAL
Spec v4.3::STK-004,AUD-V43-FMT-001,Spec v4.3,v4.3,Explicit specification requirement case STK-004 extracted from Spec v4.3,System must enforce contract rules specified under STK-004,src/core/autogram_core/,PARTIAL
Spec v4.3::STK-005,AUD-V43-FMT-001,Spec v4.3,v4.3,Explicit specification requirement case STK-005 extracted from Spec v4.3,System must enforce contract rules specified under STK-005,src/core/autogram_core/,PARTIAL
Spec v4.3::VNT-001,AUD-V43-FMT-001,Spec v4.3,v4.3,Explicit specification requirement case VNT-001 extracted from Spec v4.3,System must enforce contract rules specified under VNT-001,src/core/autogram_core/,PARTIAL
Spec v4.3::VNT-002,AUD-V43-FMT-001,Spec v4.3,v4.3,Explicit specification requirement case VNT-002 extracted from Spec v4.3,System must enforce contract rules specified under VNT-002,src/core/autogram_core/,PARTIAL
Spec v4.3::DOC-001,AUD-V43-FMT-001,Spec v4.3,v4.3,Explicit specification requirement case DOC-001 extracted from Spec v4.3,System must enforce contract rules specified under DOC-001,src/core/autogram_core/,PARTIAL
Spec v4.3::DOC-002,AUD-V43-FMT-001,Spec v4.3,v4.3,Explicit specification requirement case DOC-002 extracted from Spec v4.3,System must enforce contract rules specified under DOC-002,src/core/autogram_core/,PARTIAL
Spec v4.3::DOC-003,AUD-V43-FMT-001,Spec v4.3,v4.3,Explicit specification requirement case DOC-003 extracted from Spec v4.3,System must enforce contract rules specified under DOC-003,src/core/autogram_core/,PARTIAL
Spec v4.3::DOC-004,AUD-V43-FMT-001,Spec v4.3,v4.3,Explicit specification requirement case DOC-004 extracted from Spec v4.3,System must enforce contract rules specified under DOC-004,src/core/autogram_core/,PARTIAL
Spec v4.3::DOC-005,AUD-V43-FMT-001,Spec v4.3,v4.3,Explicit specification requirement case DOC-005 extracted from Spec v4.3,System must enforce contract rules specified under DOC-005,src/core/autogram_core/,PARTIAL
Spec v4.3::DOC-006,AUD-V43-FMT-001,Spec v4.3,v4.3,Explicit specification requirement case DOC-006 extracted from Spec v4.3,System must enforce contract rules specified under DOC-006,src/core/autogram_core/,PARTIAL
Spec v4.3::DOC-007,AUD-V43-FMT-001,Spec v4.3,v4.3,Explicit specification requirement case DOC-007 extracted from Spec v4.3,System must enforce contract rules specified under DOC-007,src/core/autogram_core/,PARTIAL
Spec v4.3::DOC-008,AUD-V43-FMT-001,Spec v4.3,v4.3,Explicit specification requirement case DOC-008 extracted from Spec v4.3,System must enforce contract rules specified under DOC-008,src/core/autogram_core/,PARTIAL
Spec v4.3::DOC-009,AUD-V43-FMT-001,Spec v4.3,v4.3,Explicit specification requirement case DOC-009 extracted from Spec v4.3,System must enforce contract rules specified under DOC-009,src/core/autogram_core/,PARTIAL
Spec v4.3::DOC-010,AUD-V43-FMT-001,Spec v4.3,v4.3,Explicit specification requirement case DOC-010 extracted from Spec v4.3,System must enforce contract rules specified under DOC-010,src/core/autogram_core/,PARTIAL
Spec v4.3::DOC-011,AUD-V43-FMT-001,Spec v4.3,v4.3,Explicit specification requirement case DOC-011 extracted from Spec v4.3,System must enforce contract rules specified under DOC-011,src/core/autogram_core/,PARTIAL
Spec v4.3::DOC-012,AUD-V43-FMT-001,Spec v4.3,v4.3,Explicit specification requirement case DOC-012 extracted from Spec v4.3,System must enforce contract rules specified under DOC-012,src/core/autogram_core/,PARTIAL
Spec v4.3::DOC-013,AUD-V43-FMT-001,Spec v4.3,v4.3,Explicit specification requirement case DOC-013 extracted from Spec v4.3,System must enforce contract rules specified under DOC-013,src/core/autogram_core/,PARTIAL
Spec v4.3::DOC-014,AUD-V43-FMT-001,Spec v4.3,v4.3,Explicit specification requirement case DOC-014 extracted from Spec v4.3,System must enforce contract rules specified under DOC-014,src/core/autogram_core/,PARTIAL
Spec v4.3::DOC-015,AUD-V43-FMT-001,Spec v4.3,v4.3,Explicit specification requirement case DOC-015 extracted from Spec v4.3,System must enforce contract rules specified under DOC-015,src/core/autogram_core/,PARTIAL
Spec v4.3::DOC-016,AUD-V43-FMT-001,Spec v4.3,v4.3,Explicit specification requirement case DOC-016 extracted from Spec v4.3,System must enforce contract rules specified under DOC-016,src/core/autogram_core/,PARTIAL
Spec v4.3::ARC-001,AUD-V45-RATE-001,Spec v4.3,v4.3,Explicit specification requirement case ARC-001 extracted from Spec v4.3,System must enforce contract rules specified under ARC-001,src/core/autogram_core/,PARTIAL
Spec v4.3::ARC-002,AUD-V45-RATE-001,Spec v4.3,v4.3,Explicit specification requirement case ARC-002 extracted from Spec v4.3,System must enforce contract rules specified under ARC-002,src/core/autogram_core/,PARTIAL
Spec v4.3::ARC-003,AUD-V45-RATE-001,Spec v4.3,v4.3,Explicit specification requirement case ARC-003 extracted from Spec v4.3,System must enforce contract rules specified under ARC-003,src/core/autogram_core/,PARTIAL
Spec v4.3::ARC-004,AUD-V45-RATE-001,Spec v4.3,v4.3,Explicit specification requirement case ARC-004 extracted from Spec v4.3,System must enforce contract rules specified under ARC-004,src/core/autogram_core/,PARTIAL
Spec v4.3::ARC-005,AUD-V45-RATE-001,Spec v4.3,v4.3,Explicit specification requirement case ARC-005 extracted from Spec v4.3,System must enforce contract rules specified under ARC-005,src/core/autogram_core/,PARTIAL
Spec v4.3::ARC-006,AUD-V45-RATE-001,Spec v4.3,v4.3,Explicit specification requirement case ARC-006 extracted from Spec v4.3,System must enforce contract rules specified under ARC-006,src/core/autogram_core/,PARTIAL
Spec v4.3::BAT-001,AUD-V43-FMT-001,Spec v4.3,v4.3,Explicit specification requirement case BAT-001 extracted from Spec v4.3,System must enforce contract rules specified under BAT-001,src/core/autogram_core/,PARTIAL
Spec v4.3::BAT-002,AUD-V43-FMT-001,Spec v4.3,v4.3,Explicit specification requirement case BAT-002 extracted from Spec v4.3,System must enforce contract rules specified under BAT-002,src/core/autogram_core/,PARTIAL
Spec v4.3::BAT-003,AUD-V43-FMT-001,Spec v4.3,v4.3,Explicit specification requirement case BAT-003 extracted from Spec v4.3,System must enforce contract rules specified under BAT-003,src/core/autogram_core/,PARTIAL
Spec v4.3::BAT-004,AUD-V43-FMT-001,Spec v4.3,v4.3,Explicit specification requirement case BAT-004 extracted from Spec v4.3,System must enforce contract rules specified under BAT-004,src/core/autogram_core/,PARTIAL
Spec v4.3::BAT-005,AUD-V43-FMT-001,Spec v4.3,v4.3,Explicit specification requirement case BAT-005 extracted from Spec v4.3,System must enforce contract rules specified under BAT-005,src/core/autogram_core/,PARTIAL
Spec v4.3::BAT-006,AUD-V43-FMT-001,Spec v4.3,v4.3,Explicit specification requirement case BAT-006 extracted from Spec v4.3,System must enforce contract rules specified under BAT-006,src/core/autogram_core/,PARTIAL
Spec v4.3::BAT-007,AUD-V43-FMT-001,Spec v4.3,v4.3,Explicit specification requirement case BAT-007 extracted from Spec v4.3,System must enforce contract rules specified under BAT-007,src/core/autogram_core/,PARTIAL
Spec v4.3::BAT-008,AUD-V43-FMT-001,Spec v4.3,v4.3,Explicit specification requirement case BAT-008 extracted from Spec v4.3,System must enforce contract rules specified under BAT-008,src/core/autogram_core/,PARTIAL
Spec v4.3::BAT-009,AUD-V43-FMT-001,Spec v4.3,v4.3,Explicit specification requirement case BAT-009 extracted from Spec v4.3,System must enforce contract rules specified under BAT-009,src/core/autogram_core/,PARTIAL
Spec v4.3::BAT-010,AUD-V43-FMT-001,Spec v4.3,v4.3,Explicit specification requirement case BAT-010 extracted from Spec v4.3,System must enforce contract rules specified under BAT-010,src/core/autogram_core/,PARTIAL
Spec v4.3::BAT-011,AUD-V43-FMT-001,Spec v4.3,v4.3,Explicit specification requirement case BAT-011 extracted from Spec v4.3,System must enforce contract rules specified under BAT-011,src/core/autogram_core/,PARTIAL
Spec v4.3::BAT-012,AUD-V43-FMT-001,Spec v4.3,v4.3,Explicit specification requirement case BAT-012 extracted from Spec v4.3,System must enforce contract rules specified under BAT-012,src/core/autogram_core/,PARTIAL
Spec v4.3::OVR-001,AUD-V43-FMT-001,Spec v4.3,v4.3,Explicit specification requirement case OVR-001 extracted from Spec v4.3,System must enforce contract rules specified under OVR-001,src/core/autogram_core/,PARTIAL
Spec v4.3::OVR-002,AUD-V43-FMT-001,Spec v4.3,v4.3,Explicit specification requirement case OVR-002 extracted from Spec v4.3,System must enforce contract rules specified under OVR-002,src/core/autogram_core/,PARTIAL
Spec v4.3::OVR-003,AUD-V43-FMT-001,Spec v4.3,v4.3,Explicit specification requirement case OVR-003 extracted from Spec v4.3,System must enforce contract rules specified under OVR-003,src/core/autogram_core/,PARTIAL
Spec v4.3::OVR-004,AUD-V43-FMT-001,Spec v4.3,v4.3,Explicit specification requirement case OVR-004 extracted from Spec v4.3,System must enforce contract rules specified under OVR-004,src/core/autogram_core/,PARTIAL
Spec v4.3::OVR-005,AUD-V43-FMT-001,Spec v4.3,v4.3,Explicit specification requirement case OVR-005 extracted from Spec v4.3,System must enforce contract rules specified under OVR-005,src/core/autogram_core/,PARTIAL
Spec v4.3::OVR-006,AUD-V43-FMT-001,Spec v4.3,v4.3,Explicit specification requirement case OVR-006 extracted from Spec v4.3,System must enforce contract rules specified under OVR-006,src/core/autogram_core/,PARTIAL
Spec v4.3::OVR-007,AUD-V43-FMT-001,Spec v4.3,v4.3,Explicit specification requirement case OVR-007 extracted from Spec v4.3,System must enforce contract rules specified under OVR-007,src/core/autogram_core/,PARTIAL
Spec v4.3::OVR-008,AUD-V43-FMT-001,Spec v4.3,v4.3,Explicit specification requirement case OVR-008 extracted from Spec v4.3,System must enforce contract rules specified under OVR-008,src/core/autogram_core/,PARTIAL
Spec v4.3::SRC-001,AUD-V45-RATE-001,Spec v4.3,v4.3,Explicit specification requirement case SRC-001 extracted from Spec v4.3,System must enforce contract rules specified under SRC-001,src/core/autogram_core/,PARTIAL
Spec v4.3::SRC-002,AUD-V45-RATE-001,Spec v4.3,v4.3,Explicit specification requirement case SRC-002 extracted from Spec v4.3,System must enforce contract rules specified under SRC-002,src/core/autogram_core/,PARTIAL
Spec v4.3::SRC-003,AUD-V45-RATE-001,Spec v4.3,v4.3,Explicit specification requirement case SRC-003 extracted from Spec v4.3,System must enforce contract rules specified under SRC-003,src/core/autogram_core/,PARTIAL
Spec v4.3::SRC-004,AUD-V45-RATE-001,Spec v4.3,v4.3,Explicit specification requirement case SRC-004 extracted from Spec v4.3,System must enforce contract rules specified under SRC-004,src/core/autogram_core/,PARTIAL
Spec v4.3::SRC-005,AUD-V45-RATE-001,Spec v4.3,v4.3,Explicit specification requirement case SRC-005 extracted from Spec v4.3,System must enforce contract rules specified under SRC-005,src/core/autogram_core/,PARTIAL
Spec v4.3::SRC-006,AUD-V45-RATE-001,Spec v4.3,v4.3,Explicit specification requirement case SRC-006 extracted from Spec v4.3,System must enforce contract rules specified under SRC-006,src/core/autogram_core/,PARTIAL
Spec v4.3::SRC-007,AUD-V45-RATE-001,Spec v4.3,v4.3,Explicit specification requirement case SRC-007 extracted from Spec v4.3,System must enforce contract rules specified under SRC-007,src/core/autogram_core/,PARTIAL
Spec v4.3::SRC-008,AUD-V45-RATE-001,Spec v4.3,v4.3,Explicit specification requirement case SRC-008 extracted from Spec v4.3,System must enforce contract rules specified under SRC-008,src/core/autogram_core/,PARTIAL
Spec v4.4::SHA-256,AUD-V44-SPLIT-001,Spec v4.4,v4.4,Explicit specification requirement case SHA-256 extracted from Spec v4.4,System must enforce contract rules specified under SHA-256,src/core/autogram_core/,PARTIAL
Spec v4.4::DET-001,AUD-V47-ENC-001,Spec v4.4,v4.4,Explicit specification requirement case DET-001 extracted from Spec v4.4,System must enforce contract rules specified under DET-001,src/core/autogram_core/,PARTIAL
Spec v4.4::DET-002,AUD-V47-ENC-001,Spec v4.4,v4.4,Explicit specification requirement case DET-002 extracted from Spec v4.4,System must enforce contract rules specified under DET-002,src/core/autogram_core/,PARTIAL
Spec v4.4::DET-003,AUD-V47-ENC-001,Spec v4.4,v4.4,Explicit specification requirement case DET-003 extracted from Spec v4.4,System must enforce contract rules specified under DET-003,src/core/autogram_core/,PARTIAL
Spec v4.4::DET-004,AUD-V47-ENC-001,Spec v4.4,v4.4,Explicit specification requirement case DET-004 extracted from Spec v4.4,System must enforce contract rules specified under DET-004,src/core/autogram_core/,PARTIAL
Spec v4.4::DET-005,AUD-V47-ENC-001,Spec v4.4,v4.4,Explicit specification requirement case DET-005 extracted from Spec v4.4,System must enforce contract rules specified under DET-005,src/core/autogram_core/,PARTIAL
Spec v4.4::DET-006,AUD-V47-ENC-001,Spec v4.4,v4.4,Explicit specification requirement case DET-006 extracted from Spec v4.4,System must enforce contract rules specified under DET-006,src/core/autogram_core/,PARTIAL
Spec v4.4::DET-007,AUD-V47-ENC-001,Spec v4.4,v4.4,Explicit specification requirement case DET-007 extracted from Spec v4.4,System must enforce contract rules specified under DET-007,src/core/autogram_core/,PARTIAL
Spec v4.4::DET-008,AUD-V47-ENC-001,Spec v4.4,v4.4,Explicit specification requirement case DET-008 extracted from Spec v4.4,System must enforce contract rules specified under DET-008,src/core/autogram_core/,PARTIAL
Spec v4.4::SPL-001,AUD-V44-SPLIT-001,Spec v4.4,v4.4,Explicit specification requirement case SPL-001 extracted from Spec v4.4,System must enforce contract rules specified under SPL-001,src/core/autogram_core/,PARTIAL
Spec v4.4::SPL-002,AUD-V44-SPLIT-001,Spec v4.4,v4.4,Explicit specification requirement case SPL-002 extracted from Spec v4.4,System must enforce contract rules specified under SPL-002,src/core/autogram_core/,PARTIAL
Spec v4.4::SPL-003,AUD-V44-SPLIT-001,Spec v4.4,v4.4,Explicit specification requirement case SPL-003 extracted from Spec v4.4,System must enforce contract rules specified under SPL-003,src/core/autogram_core/,PARTIAL
Spec v4.4::SPL-004,AUD-V44-SPLIT-001,Spec v4.4,v4.4,Explicit specification requirement case SPL-004 extracted from Spec v4.4,System must enforce contract rules specified under SPL-004,src/core/autogram_core/,PARTIAL
Spec v4.4::SPL-005,AUD-V44-SPLIT-001,Spec v4.4,v4.4,Explicit specification requirement case SPL-005 extracted from Spec v4.4,System must enforce contract rules specified under SPL-005,src/core/autogram_core/,PARTIAL
Spec v4.4::SPL-006,AUD-V44-SPLIT-001,Spec v4.4,v4.4,Explicit specification requirement case SPL-006 extracted from Spec v4.4,System must enforce contract rules specified under SPL-006,src/core/autogram_core/,PARTIAL
Spec v4.4::SPL-007,AUD-V44-SPLIT-001,Spec v4.4,v4.4,Explicit specification requirement case SPL-007 extracted from Spec v4.4,System must enforce contract rules specified under SPL-007,src/core/autogram_core/,PARTIAL
Spec v4.4::SPL-008,AUD-V44-SPLIT-001,Spec v4.4,v4.4,Explicit specification requirement case SPL-008 extracted from Spec v4.4,System must enforce contract rules specified under SPL-008,src/core/autogram_core/,PARTIAL
Spec v4.4::SPL-009,AUD-V44-SPLIT-001,Spec v4.4,v4.4,Explicit specification requirement case SPL-009 extracted from Spec v4.4,System must enforce contract rules specified under SPL-009,src/core/autogram_core/,PARTIAL
Spec v4.4::SPL-010,AUD-V44-SPLIT-001,Spec v4.4,v4.4,Explicit specification requirement case SPL-010 extracted from Spec v4.4,System must enforce contract rules specified under SPL-010,src/core/autogram_core/,PARTIAL
Spec v4.4::SPL-011,AUD-V44-SPLIT-001,Spec v4.4,v4.4,Explicit specification requirement case SPL-011 extracted from Spec v4.4,System must enforce contract rules specified under SPL-011,src/core/autogram_core/,PARTIAL
Spec v4.4::SPL-012,AUD-V44-SPLIT-001,Spec v4.4,v4.4,Explicit specification requirement case SPL-012 extracted from Spec v4.4,System must enforce contract rules specified under SPL-012,src/core/autogram_core/,PARTIAL
Spec v4.4::SPL-013,AUD-V44-SPLIT-001,Spec v4.4,v4.4,Explicit specification requirement case SPL-013 extracted from Spec v4.4,System must enforce contract rules specified under SPL-013,src/core/autogram_core/,PARTIAL
Spec v4.4::SPL-014,AUD-V44-SPLIT-001,Spec v4.4,v4.4,Explicit specification requirement case SPL-014 extracted from Spec v4.4,System must enforce contract rules specified under SPL-014,src/core/autogram_core/,PARTIAL
Spec v4.4::SPL-015,AUD-V44-SPLIT-001,Spec v4.4,v4.4,Explicit specification requirement case SPL-015 extracted from Spec v4.4,System must enforce contract rules specified under SPL-015,src/core/autogram_core/,PARTIAL
Spec v4.4::SPL-016,AUD-V44-SPLIT-001,Spec v4.4,v4.4,Explicit specification requirement case SPL-016 extracted from Spec v4.4,System must enforce contract rules specified under SPL-016,src/core/autogram_core/,PARTIAL
Spec v4.4::SPL-017,AUD-V44-SPLIT-001,Spec v4.4,v4.4,Explicit specification requirement case SPL-017 extracted from Spec v4.4,System must enforce contract rules specified under SPL-017,src/core/autogram_core/,PARTIAL
Spec v4.4::SPL-018,AUD-V44-SPLIT-001,Spec v4.4,v4.4,Explicit specification requirement case SPL-018 extracted from Spec v4.4,System must enforce contract rules specified under SPL-018,src/core/autogram_core/,PARTIAL
Spec v4.4::SPL-019,AUD-V44-SPLIT-001,Spec v4.4,v4.4,Explicit specification requirement case SPL-019 extracted from Spec v4.4,System must enforce contract rules specified under SPL-019,src/core/autogram_core/,PARTIAL
Spec v4.4::SPL-020,AUD-V44-SPLIT-001,Spec v4.4,v4.4,Explicit specification requirement case SPL-020 extracted from Spec v4.4,System must enforce contract rules specified under SPL-020,src/core/autogram_core/,PARTIAL
Spec v4.4::ALT-001,AUD-V44-SPLIT-001,Spec v4.4,v4.4,Explicit specification requirement case ALT-001 extracted from Spec v4.4,System must enforce contract rules specified under ALT-001,src/core/autogram_core/,PARTIAL
Spec v4.4::ALT-002,AUD-V44-SPLIT-001,Spec v4.4,v4.4,Explicit specification requirement case ALT-002 extracted from Spec v4.4,System must enforce contract rules specified under ALT-002,src/core/autogram_core/,PARTIAL
Spec v4.4::ALT-003,AUD-V44-SPLIT-001,Spec v4.4,v4.4,Explicit specification requirement case ALT-003 extracted from Spec v4.4,System must enforce contract rules specified under ALT-003,src/core/autogram_core/,PARTIAL
Spec v4.4::ALT-004,AUD-V44-SPLIT-001,Spec v4.4,v4.4,Explicit specification requirement case ALT-004 extracted from Spec v4.4,System must enforce contract rules specified under ALT-004,src/core/autogram_core/,PARTIAL
Spec v4.4::ALT-005,AUD-V44-SPLIT-001,Spec v4.4,v4.4,Explicit specification requirement case ALT-005 extracted from Spec v4.4,System must enforce contract rules specified under ALT-005,src/core/autogram_core/,PARTIAL
Spec v4.4::ALT-006,AUD-V44-SPLIT-001,Spec v4.4,v4.4,Explicit specification requirement case ALT-006 extracted from Spec v4.4,System must enforce contract rules specified under ALT-006,src/core/autogram_core/,PARTIAL
Spec v4.4::ALT-007,AUD-V44-SPLIT-001,Spec v4.4,v4.4,Explicit specification requirement case ALT-007 extracted from Spec v4.4,System must enforce contract rules specified under ALT-007,src/core/autogram_core/,PARTIAL
Spec v4.4::ALT-008,AUD-V44-SPLIT-001,Spec v4.4,v4.4,Explicit specification requirement case ALT-008 extracted from Spec v4.4,System must enforce contract rules specified under ALT-008,src/core/autogram_core/,PARTIAL
Spec v4.4::ALT-009,AUD-V44-SPLIT-001,Spec v4.4,v4.4,Explicit specification requirement case ALT-009 extracted from Spec v4.4,System must enforce contract rules specified under ALT-009,src/core/autogram_core/,PARTIAL
Spec v4.4::ALT-010,AUD-V44-SPLIT-001,Spec v4.4,v4.4,Explicit specification requirement case ALT-010 extracted from Spec v4.4,System must enforce contract rules specified under ALT-010,src/core/autogram_core/,PARTIAL
Spec v4.4::ALT-011,AUD-V44-SPLIT-001,Spec v4.4,v4.4,Explicit specification requirement case ALT-011 extracted from Spec v4.4,System must enforce contract rules specified under ALT-011,src/core/autogram_core/,PARTIAL
Spec v4.4::ALT-012,AUD-V44-SPLIT-001,Spec v4.4,v4.4,Explicit specification requirement case ALT-012 extracted from Spec v4.4,System must enforce contract rules specified under ALT-012,src/core/autogram_core/,PARTIAL
Spec v4.4::ALT-013,AUD-V44-SPLIT-001,Spec v4.4,v4.4,Explicit specification requirement case ALT-013 extracted from Spec v4.4,System must enforce contract rules specified under ALT-013,src/core/autogram_core/,PARTIAL
Spec v4.4::ALT-014,AUD-V44-SPLIT-001,Spec v4.4,v4.4,Explicit specification requirement case ALT-014 extracted from Spec v4.4,System must enforce contract rules specified under ALT-014,src/core/autogram_core/,PARTIAL
Spec v4.4::ALT-015,AUD-V44-SPLIT-001,Spec v4.4,v4.4,Explicit specification requirement case ALT-015 extracted from Spec v4.4,System must enforce contract rules specified under ALT-015,src/core/autogram_core/,PARTIAL
Spec v4.4::ALT-016,AUD-V44-SPLIT-001,Spec v4.4,v4.4,Explicit specification requirement case ALT-016 extracted from Spec v4.4,System must enforce contract rules specified under ALT-016,src/core/autogram_core/,PARTIAL
Spec v4.4::ALT-017,AUD-V44-SPLIT-001,Spec v4.4,v4.4,Explicit specification requirement case ALT-017 extracted from Spec v4.4,System must enforce contract rules specified under ALT-017,src/core/autogram_core/,PARTIAL
Spec v4.4::ALT-018,AUD-V44-SPLIT-001,Spec v4.4,v4.4,Explicit specification requirement case ALT-018 extracted from Spec v4.4,System must enforce contract rules specified under ALT-018,src/core/autogram_core/,PARTIAL
Spec v4.4::ALT-019,AUD-V44-SPLIT-001,Spec v4.4,v4.4,Explicit specification requirement case ALT-019 extracted from Spec v4.4,System must enforce contract rules specified under ALT-019,src/core/autogram_core/,PARTIAL
Spec v4.4::ALT-020,AUD-V44-SPLIT-001,Spec v4.4,v4.4,Explicit specification requirement case ALT-020 extracted from Spec v4.4,System must enforce contract rules specified under ALT-020,src/core/autogram_core/,PARTIAL
Spec v4.4::ALT-021,AUD-V44-SPLIT-001,Spec v4.4,v4.4,Explicit specification requirement case ALT-021 extracted from Spec v4.4,System must enforce contract rules specified under ALT-021,src/core/autogram_core/,PARTIAL
Spec v4.4::ALT-022,AUD-V44-SPLIT-001,Spec v4.4,v4.4,Explicit specification requirement case ALT-022 extracted from Spec v4.4,System must enforce contract rules specified under ALT-022,src/core/autogram_core/,PARTIAL
Spec v4.4::ALT-023,AUD-V44-SPLIT-001,Spec v4.4,v4.4,Explicit specification requirement case ALT-023 extracted from Spec v4.4,System must enforce contract rules specified under ALT-023,src/core/autogram_core/,PARTIAL
Spec v4.4::ALT-024,AUD-V44-SPLIT-001,Spec v4.4,v4.4,Explicit specification requirement case ALT-024 extracted from Spec v4.4,System must enforce contract rules specified under ALT-024,src/core/autogram_core/,PARTIAL
Spec v4.4::SKP-001,AUD-V44-SPLIT-001,Spec v4.4,v4.4,Explicit specification requirement case SKP-001 extracted from Spec v4.4,System must enforce contract rules specified under SKP-001,src/core/autogram_core/,PARTIAL
Spec v4.4::SKP-002,AUD-V44-SPLIT-001,Spec v4.4,v4.4,Explicit specification requirement case SKP-002 extracted from Spec v4.4,System must enforce contract rules specified under SKP-002,src/core/autogram_core/,PARTIAL
Spec v4.4::SKP-003,AUD-V44-SPLIT-001,Spec v4.4,v4.4,Explicit specification requirement case SKP-003 extracted from Spec v4.4,System must enforce contract rules specified under SKP-003,src/core/autogram_core/,PARTIAL
Spec v4.4::SKP-004,AUD-V44-SPLIT-001,Spec v4.4,v4.4,Explicit specification requirement case SKP-004 extracted from Spec v4.4,System must enforce contract rules specified under SKP-004,src/core/autogram_core/,PARTIAL
Spec v4.4::SKP-005,AUD-V44-SPLIT-001,Spec v4.4,v4.4,Explicit specification requirement case SKP-005 extracted from Spec v4.4,System must enforce contract rules specified under SKP-005,src/core/autogram_core/,PARTIAL
Spec v4.4::SKP-006,AUD-V44-SPLIT-001,Spec v4.4,v4.4,Explicit specification requirement case SKP-006 extracted from Spec v4.4,System must enforce contract rules specified under SKP-006,src/core/autogram_core/,PARTIAL
Spec v4.4::UI-001,AUD-V44-SPLIT-001,Spec v4.4,v4.4,Explicit specification requirement case UI-001 extracted from Spec v4.4,System must enforce contract rules specified under UI-001,src/core/autogram_core/,PARTIAL
Spec v4.4::UI-002,AUD-V44-SPLIT-001,Spec v4.4,v4.4,Explicit specification requirement case UI-002 extracted from Spec v4.4,System must enforce contract rules specified under UI-002,src/core/autogram_core/,PARTIAL
Spec v4.4::UI-003,AUD-V44-SPLIT-001,Spec v4.4,v4.4,Explicit specification requirement case UI-003 extracted from Spec v4.4,System must enforce contract rules specified under UI-003,src/core/autogram_core/,PARTIAL
Spec v4.4::UI-004,AUD-V44-SPLIT-001,Spec v4.4,v4.4,Explicit specification requirement case UI-004 extracted from Spec v4.4,System must enforce contract rules specified under UI-004,src/core/autogram_core/,PARTIAL
Spec v4.4::UI-005,AUD-V44-SPLIT-001,Spec v4.4,v4.4,Explicit specification requirement case UI-005 extracted from Spec v4.4,System must enforce contract rules specified under UI-005,src/core/autogram_core/,PARTIAL
Spec v4.4::UI-006,AUD-V44-SPLIT-001,Spec v4.4,v4.4,Explicit specification requirement case UI-006 extracted from Spec v4.4,System must enforce contract rules specified under UI-006,src/core/autogram_core/,PARTIAL
Spec v4.4::UI-007,AUD-V44-SPLIT-001,Spec v4.4,v4.4,Explicit specification requirement case UI-007 extracted from Spec v4.4,System must enforce contract rules specified under UI-007,src/core/autogram_core/,PARTIAL
Spec v4.4::UI-008,AUD-V44-SPLIT-001,Spec v4.4,v4.4,Explicit specification requirement case UI-008 extracted from Spec v4.4,System must enforce contract rules specified under UI-008,src/core/autogram_core/,PARTIAL
Spec v4.4::BAT-001,AUD-V44-SPLIT-001,Spec v4.4,v4.4,Explicit specification requirement case BAT-001 extracted from Spec v4.4,System must enforce contract rules specified under BAT-001,src/core/autogram_core/,PARTIAL
Spec v4.4::BAT-002,AUD-V44-SPLIT-001,Spec v4.4,v4.4,Explicit specification requirement case BAT-002 extracted from Spec v4.4,System must enforce contract rules specified under BAT-002,src/core/autogram_core/,PARTIAL
Spec v4.4::BAT-003,AUD-V44-SPLIT-001,Spec v4.4,v4.4,Explicit specification requirement case BAT-003 extracted from Spec v4.4,System must enforce contract rules specified under BAT-003,src/core/autogram_core/,PARTIAL
Spec v4.4::BAT-004,AUD-V44-SPLIT-001,Spec v4.4,v4.4,Explicit specification requirement case BAT-004 extracted from Spec v4.4,System must enforce contract rules specified under BAT-004,src/core/autogram_core/,PARTIAL
Spec v4.4::AND-001,AUD-V44-SPLIT-001,Spec v4.4,v4.4,Explicit specification requirement case AND-001 extracted from Spec v4.4,System must enforce contract rules specified under AND-001,src/core/autogram_core/,PARTIAL
Spec v4.4::AND-002,AUD-V44-SPLIT-001,Spec v4.4,v4.4,Explicit specification requirement case AND-002 extracted from Spec v4.4,System must enforce contract rules specified under AND-002,src/core/autogram_core/,PARTIAL
Spec v4.4::AND-003,AUD-V44-SPLIT-001,Spec v4.4,v4.4,Explicit specification requirement case AND-003 extracted from Spec v4.4,System must enforce contract rules specified under AND-003,src/core/autogram_core/,PARTIAL
Spec v4.4::AND-004,AUD-V44-SPLIT-001,Spec v4.4,v4.4,Explicit specification requirement case AND-004 extracted from Spec v4.4,System must enforce contract rules specified under AND-004,src/core/autogram_core/,PARTIAL
Spec v4.4::AND-005,AUD-V44-SPLIT-001,Spec v4.4,v4.4,Explicit specification requirement case AND-005 extracted from Spec v4.4,System must enforce contract rules specified under AND-005,src/core/autogram_core/,PARTIAL
Spec v4.4::SEC-001,AUD-V44-SPLIT-001,Spec v4.4,v4.4,Explicit specification requirement case SEC-001 extracted from Spec v4.4,System must enforce contract rules specified under SEC-001,src/core/autogram_core/,PARTIAL
Spec v4.4::SEC-002,AUD-V44-SPLIT-001,Spec v4.4,v4.4,Explicit specification requirement case SEC-002 extracted from Spec v4.4,System must enforce contract rules specified under SEC-002,src/core/autogram_core/,PARTIAL
Spec v4.4::SEC-003,AUD-V44-SPLIT-001,Spec v4.4,v4.4,Explicit specification requirement case SEC-003 extracted from Spec v4.4,System must enforce contract rules specified under SEC-003,src/core/autogram_core/,PARTIAL
Spec v4.4::SEC-004,AUD-V44-SPLIT-001,Spec v4.4,v4.4,Explicit specification requirement case SEC-004 extracted from Spec v4.4,System must enforce contract rules specified under SEC-004,src/core/autogram_core/,PARTIAL
Spec v4.5::SHA-256,AUD-V45-RATE-001,Spec v4.5,v4.5,Explicit specification requirement case SHA-256 extracted from Spec v4.5,System must enforce contract rules specified under SHA-256,src/core/autogram_core/,PARTIAL
Spec v4.5::FLD-001,AUD-V45-RATE-001,Spec v4.5,v4.5,Explicit specification requirement case FLD-001 extracted from Spec v4.5,System must enforce contract rules specified under FLD-001,src/core/autogram_core/,PARTIAL
Spec v4.5::FLD-002,AUD-V45-RATE-001,Spec v4.5,v4.5,Explicit specification requirement case FLD-002 extracted from Spec v4.5,System must enforce contract rules specified under FLD-002,src/core/autogram_core/,PARTIAL
Spec v4.5::FLD-003,AUD-V45-RATE-001,Spec v4.5,v4.5,Explicit specification requirement case FLD-003 extracted from Spec v4.5,System must enforce contract rules specified under FLD-003,src/core/autogram_core/,PARTIAL
Spec v4.5::FLD-004,AUD-V45-RATE-001,Spec v4.5,v4.5,Explicit specification requirement case FLD-004 extracted from Spec v4.5,System must enforce contract rules specified under FLD-004,src/core/autogram_core/,PARTIAL
Spec v4.5::FLD-005,AUD-V45-RATE-001,Spec v4.5,v4.5,Explicit specification requirement case FLD-005 extracted from Spec v4.5,System must enforce contract rules specified under FLD-005,src/core/autogram_core/,PARTIAL
Spec v4.5::FLD-006,AUD-V45-RATE-001,Spec v4.5,v4.5,Explicit specification requirement case FLD-006 extracted from Spec v4.5,System must enforce contract rules specified under FLD-006,src/core/autogram_core/,PARTIAL
Spec v4.5::FLD-007,AUD-V45-RATE-001,Spec v4.5,v4.5,Explicit specification requirement case FLD-007 extracted from Spec v4.5,System must enforce contract rules specified under FLD-007,src/core/autogram_core/,PARTIAL
Spec v4.5::FLD-008,AUD-V45-RATE-001,Spec v4.5,v4.5,Explicit specification requirement case FLD-008 extracted from Spec v4.5,System must enforce contract rules specified under FLD-008,src/core/autogram_core/,PARTIAL
Spec v4.5::FLD-009,AUD-V45-RATE-001,Spec v4.5,v4.5,Explicit specification requirement case FLD-009 extracted from Spec v4.5,System must enforce contract rules specified under FLD-009,src/core/autogram_core/,PARTIAL
Spec v4.5::FLD-010,AUD-V45-RATE-001,Spec v4.5,v4.5,Explicit specification requirement case FLD-010 extracted from Spec v4.5,System must enforce contract rules specified under FLD-010,src/core/autogram_core/,PARTIAL
Spec v4.5::FLD-011,AUD-V45-RATE-001,Spec v4.5,v4.5,Explicit specification requirement case FLD-011 extracted from Spec v4.5,System must enforce contract rules specified under FLD-011,src/core/autogram_core/,PARTIAL
Spec v4.5::FLD-012,AUD-V45-RATE-001,Spec v4.5,v4.5,Explicit specification requirement case FLD-012 extracted from Spec v4.5,System must enforce contract rules specified under FLD-012,src/core/autogram_core/,PARTIAL
Spec v4.5::FLD-013,AUD-V45-RATE-001,Spec v4.5,v4.5,Explicit specification requirement case FLD-013 extracted from Spec v4.5,System must enforce contract rules specified under FLD-013,src/core/autogram_core/,PARTIAL
Spec v4.5::FLD-014,AUD-V45-RATE-001,Spec v4.5,v4.5,Explicit specification requirement case FLD-014 extracted from Spec v4.5,System must enforce contract rules specified under FLD-014,src/core/autogram_core/,PARTIAL
Spec v4.5::FLD-015,AUD-V45-RATE-001,Spec v4.5,v4.5,Explicit specification requirement case FLD-015 extracted from Spec v4.5,System must enforce contract rules specified under FLD-015,src/core/autogram_core/,PARTIAL
Spec v4.5::FLD-016,AUD-V45-RATE-001,Spec v4.5,v4.5,Explicit specification requirement case FLD-016 extracted from Spec v4.5,System must enforce contract rules specified under FLD-016,src/core/autogram_core/,PARTIAL
Spec v4.5::FLD-017,AUD-V45-RATE-001,Spec v4.5,v4.5,Explicit specification requirement case FLD-017 extracted from Spec v4.5,System must enforce contract rules specified under FLD-017,src/core/autogram_core/,PARTIAL
Spec v4.5::FLD-018,AUD-V45-RATE-001,Spec v4.5,v4.5,Explicit specification requirement case FLD-018 extracted from Spec v4.5,System must enforce contract rules specified under FLD-018,src/core/autogram_core/,PARTIAL
Spec v4.5::SES-001,AUD-V45-RATE-001,Spec v4.5,v4.5,Explicit specification requirement case SES-001 extracted from Spec v4.5,System must enforce contract rules specified under SES-001,src/core/autogram_core/,PARTIAL
Spec v4.5::SES-002,AUD-V45-RATE-001,Spec v4.5,v4.5,Explicit specification requirement case SES-002 extracted from Spec v4.5,System must enforce contract rules specified under SES-002,src/core/autogram_core/,PARTIAL
Spec v4.5::SES-003,AUD-V45-RATE-001,Spec v4.5,v4.5,Explicit specification requirement case SES-003 extracted from Spec v4.5,System must enforce contract rules specified under SES-003,src/core/autogram_core/,PARTIAL
Spec v4.5::SES-004,AUD-V45-RATE-001,Spec v4.5,v4.5,Explicit specification requirement case SES-004 extracted from Spec v4.5,System must enforce contract rules specified under SES-004,src/core/autogram_core/,PARTIAL
Spec v4.5::SES-005,AUD-V45-RATE-001,Spec v4.5,v4.5,Explicit specification requirement case SES-005 extracted from Spec v4.5,System must enforce contract rules specified under SES-005,src/core/autogram_core/,PARTIAL
Spec v4.5::SES-006,AUD-V45-RATE-001,Spec v4.5,v4.5,Explicit specification requirement case SES-006 extracted from Spec v4.5,System must enforce contract rules specified under SES-006,src/core/autogram_core/,PARTIAL
Spec v4.5::SES-007,AUD-V45-RATE-001,Spec v4.5,v4.5,Explicit specification requirement case SES-007 extracted from Spec v4.5,System must enforce contract rules specified under SES-007,src/core/autogram_core/,PARTIAL
Spec v4.5::SES-008,AUD-V45-RATE-001,Spec v4.5,v4.5,Explicit specification requirement case SES-008 extracted from Spec v4.5,System must enforce contract rules specified under SES-008,src/core/autogram_core/,PARTIAL
Spec v4.5::SES-009,AUD-V45-RATE-001,Spec v4.5,v4.5,Explicit specification requirement case SES-009 extracted from Spec v4.5,System must enforce contract rules specified under SES-009,src/core/autogram_core/,PARTIAL
Spec v4.5::SES-010,AUD-V45-RATE-001,Spec v4.5,v4.5,Explicit specification requirement case SES-010 extracted from Spec v4.5,System must enforce contract rules specified under SES-010,src/core/autogram_core/,PARTIAL
Spec v4.5::SES-011,AUD-V45-RATE-001,Spec v4.5,v4.5,Explicit specification requirement case SES-011 extracted from Spec v4.5,System must enforce contract rules specified under SES-011,src/core/autogram_core/,PARTIAL
Spec v4.5::SES-012,AUD-V45-RATE-001,Spec v4.5,v4.5,Explicit specification requirement case SES-012 extracted from Spec v4.5,System must enforce contract rules specified under SES-012,src/core/autogram_core/,PARTIAL
Spec v4.5::BAT-001,AUD-V45-RATE-001,Spec v4.5,v4.5,Explicit specification requirement case BAT-001 extracted from Spec v4.5,System must enforce contract rules specified under BAT-001,src/core/autogram_core/,PARTIAL
Spec v4.5::BAT-002,AUD-V45-RATE-001,Spec v4.5,v4.5,Explicit specification requirement case BAT-002 extracted from Spec v4.5,System must enforce contract rules specified under BAT-002,src/core/autogram_core/,PARTIAL
Spec v4.5::BAT-003,AUD-V45-RATE-001,Spec v4.5,v4.5,Explicit specification requirement case BAT-003 extracted from Spec v4.5,System must enforce contract rules specified under BAT-003,src/core/autogram_core/,PARTIAL
Spec v4.5::BAT-004,AUD-V45-RATE-001,Spec v4.5,v4.5,Explicit specification requirement case BAT-004 extracted from Spec v4.5,System must enforce contract rules specified under BAT-004,src/core/autogram_core/,PARTIAL
Spec v4.5::BAT-005,AUD-V45-RATE-001,Spec v4.5,v4.5,Explicit specification requirement case BAT-005 extracted from Spec v4.5,System must enforce contract rules specified under BAT-005,src/core/autogram_core/,PARTIAL
Spec v4.5::BAT-006,AUD-V45-RATE-001,Spec v4.5,v4.5,Explicit specification requirement case BAT-006 extracted from Spec v4.5,System must enforce contract rules specified under BAT-006,src/core/autogram_core/,PARTIAL
Spec v4.5::BAT-007,AUD-V45-RATE-001,Spec v4.5,v4.5,Explicit specification requirement case BAT-007 extracted from Spec v4.5,System must enforce contract rules specified under BAT-007,src/core/autogram_core/,PARTIAL
Spec v4.5::BAT-008,AUD-V45-RATE-001,Spec v4.5,v4.5,Explicit specification requirement case BAT-008 extracted from Spec v4.5,System must enforce contract rules specified under BAT-008,src/core/autogram_core/,PARTIAL
Spec v4.5::BAT-009,AUD-V45-RATE-001,Spec v4.5,v4.5,Explicit specification requirement case BAT-009 extracted from Spec v4.5,System must enforce contract rules specified under BAT-009,src/core/autogram_core/,PARTIAL
Spec v4.5::BAT-010,AUD-V45-RATE-001,Spec v4.5,v4.5,Explicit specification requirement case BAT-010 extracted from Spec v4.5,System must enforce contract rules specified under BAT-010,src/core/autogram_core/,PARTIAL
Spec v4.5::BAT-011,AUD-V45-RATE-001,Spec v4.5,v4.5,Explicit specification requirement case BAT-011 extracted from Spec v4.5,System must enforce contract rules specified under BAT-011,src/core/autogram_core/,PARTIAL
Spec v4.5::BAT-012,AUD-V45-RATE-001,Spec v4.5,v4.5,Explicit specification requirement case BAT-012 extracted from Spec v4.5,System must enforce contract rules specified under BAT-012,src/core/autogram_core/,PARTIAL
Spec v4.5::BAT-013,AUD-V45-RATE-001,Spec v4.5,v4.5,Explicit specification requirement case BAT-013 extracted from Spec v4.5,System must enforce contract rules specified under BAT-013,src/core/autogram_core/,PARTIAL
Spec v4.5::BAT-014,AUD-V45-RATE-001,Spec v4.5,v4.5,Explicit specification requirement case BAT-014 extracted from Spec v4.5,System must enforce contract rules specified under BAT-014,src/core/autogram_core/,PARTIAL
Spec v4.5::BAT-015,AUD-V45-RATE-001,Spec v4.5,v4.5,Explicit specification requirement case BAT-015 extracted from Spec v4.5,System must enforce contract rules specified under BAT-015,src/core/autogram_core/,PARTIAL
Spec v4.5::BAT-016,AUD-V45-RATE-001,Spec v4.5,v4.5,Explicit specification requirement case BAT-016 extracted from Spec v4.5,System must enforce contract rules specified under BAT-016,src/core/autogram_core/,PARTIAL
Spec v4.5::BAT-017,AUD-V45-RATE-001,Spec v4.5,v4.5,Explicit specification requirement case BAT-017 extracted from Spec v4.5,System must enforce contract rules specified under BAT-017,src/core/autogram_core/,PARTIAL
Spec v4.5::BAT-018,AUD-V45-RATE-001,Spec v4.5,v4.5,Explicit specification requirement case BAT-018 extracted from Spec v4.5,System must enforce contract rules specified under BAT-018,src/core/autogram_core/,PARTIAL
Spec v4.5::ALB-001,AUD-V46-ALB-001,Spec v4.5,v4.5,Explicit specification requirement case ALB-001 extracted from Spec v4.5,System must enforce contract rules specified under ALB-001,src/core/autogram_core/,PARTIAL
Spec v4.5::ALB-002,AUD-V46-ALB-001,Spec v4.5,v4.5,Explicit specification requirement case ALB-002 extracted from Spec v4.5,System must enforce contract rules specified under ALB-002,src/core/autogram_core/,PARTIAL
Spec v4.5::ALB-003,AUD-V46-ALB-001,Spec v4.5,v4.5,Explicit specification requirement case ALB-003 extracted from Spec v4.5,System must enforce contract rules specified under ALB-003,src/core/autogram_core/,PARTIAL
Spec v4.5::ALB-004,AUD-V46-ALB-001,Spec v4.5,v4.5,Explicit specification requirement case ALB-004 extracted from Spec v4.5,System must enforce contract rules specified under ALB-004,src/core/autogram_core/,PARTIAL
Spec v4.5::ALB-005,AUD-V46-ALB-001,Spec v4.5,v4.5,Explicit specification requirement case ALB-005 extracted from Spec v4.5,System must enforce contract rules specified under ALB-005,src/core/autogram_core/,PARTIAL
Spec v4.5::ALB-006,AUD-V46-ALB-001,Spec v4.5,v4.5,Explicit specification requirement case ALB-006 extracted from Spec v4.5,System must enforce contract rules specified under ALB-006,src/core/autogram_core/,PARTIAL
Spec v4.5::ALB-007,AUD-V46-ALB-001,Spec v4.5,v4.5,Explicit specification requirement case ALB-007 extracted from Spec v4.5,System must enforce contract rules specified under ALB-007,src/core/autogram_core/,PARTIAL
Spec v4.5::ALB-008,AUD-V46-ALB-001,Spec v4.5,v4.5,Explicit specification requirement case ALB-008 extracted from Spec v4.5,System must enforce contract rules specified under ALB-008,src/core/autogram_core/,PARTIAL
Spec v4.5::ALB-009,AUD-V46-ALB-001,Spec v4.5,v4.5,Explicit specification requirement case ALB-009 extracted from Spec v4.5,System must enforce contract rules specified under ALB-009,src/core/autogram_core/,PARTIAL
Spec v4.5::ALB-010,AUD-V46-ALB-001,Spec v4.5,v4.5,Explicit specification requirement case ALB-010 extracted from Spec v4.5,System must enforce contract rules specified under ALB-010,src/core/autogram_core/,PARTIAL
Spec v4.5::ALB-011,AUD-V46-ALB-001,Spec v4.5,v4.5,Explicit specification requirement case ALB-011 extracted from Spec v4.5,System must enforce contract rules specified under ALB-011,src/core/autogram_core/,PARTIAL
Spec v4.5::ALB-012,AUD-V46-ALB-001,Spec v4.5,v4.5,Explicit specification requirement case ALB-012 extracted from Spec v4.5,System must enforce contract rules specified under ALB-012,src/core/autogram_core/,PARTIAL
Spec v4.5::ALB-013,AUD-V46-ALB-001,Spec v4.5,v4.5,Explicit specification requirement case ALB-013 extracted from Spec v4.5,System must enforce contract rules specified under ALB-013,src/core/autogram_core/,PARTIAL
Spec v4.5::ALB-014,AUD-V46-ALB-001,Spec v4.5,v4.5,Explicit specification requirement case ALB-014 extracted from Spec v4.5,System must enforce contract rules specified under ALB-014,src/core/autogram_core/,PARTIAL
Spec v4.5::ALB-015,AUD-V46-ALB-001,Spec v4.5,v4.5,Explicit specification requirement case ALB-015 extracted from Spec v4.5,System must enforce contract rules specified under ALB-015,src/core/autogram_core/,PARTIAL
Spec v4.5::ALB-016,AUD-V46-ALB-001,Spec v4.5,v4.5,Explicit specification requirement case ALB-016 extracted from Spec v4.5,System must enforce contract rules specified under ALB-016,src/core/autogram_core/,PARTIAL
Spec v4.5::ALB-017,AUD-V46-ALB-001,Spec v4.5,v4.5,Explicit specification requirement case ALB-017 extracted from Spec v4.5,System must enforce contract rules specified under ALB-017,src/core/autogram_core/,PARTIAL
Spec v4.5::ALB-018,AUD-V46-ALB-001,Spec v4.5,v4.5,Explicit specification requirement case ALB-018 extracted from Spec v4.5,System must enforce contract rules specified under ALB-018,src/core/autogram_core/,PARTIAL
Spec v4.5::FTR-001,AUD-V45-RATE-001,Spec v4.5,v4.5,Explicit specification requirement case FTR-001 extracted from Spec v4.5,System must enforce contract rules specified under FTR-001,src/core/autogram_core/,PARTIAL
Spec v4.5::FTR-002,AUD-V45-RATE-001,Spec v4.5,v4.5,Explicit specification requirement case FTR-002 extracted from Spec v4.5,System must enforce contract rules specified under FTR-002,src/core/autogram_core/,PARTIAL
Spec v4.5::FTR-003,AUD-V45-RATE-001,Spec v4.5,v4.5,Explicit specification requirement case FTR-003 extracted from Spec v4.5,System must enforce contract rules specified under FTR-003,src/core/autogram_core/,PARTIAL
Spec v4.5::FTR-004,AUD-V45-RATE-001,Spec v4.5,v4.5,Explicit specification requirement case FTR-004 extracted from Spec v4.5,System must enforce contract rules specified under FTR-004,src/core/autogram_core/,PARTIAL
Spec v4.5::FTR-005,AUD-V45-RATE-001,Spec v4.5,v4.5,Explicit specification requirement case FTR-005 extracted from Spec v4.5,System must enforce contract rules specified under FTR-005,src/core/autogram_core/,PARTIAL
Spec v4.5::FTR-006,AUD-V45-RATE-001,Spec v4.5,v4.5,Explicit specification requirement case FTR-006 extracted from Spec v4.5,System must enforce contract rules specified under FTR-006,src/core/autogram_core/,PARTIAL
Spec v4.5::FTR-007,AUD-V45-RATE-001,Spec v4.5,v4.5,Explicit specification requirement case FTR-007 extracted from Spec v4.5,System must enforce contract rules specified under FTR-007,src/core/autogram_core/,PARTIAL
Spec v4.5::FTR-008,AUD-V45-RATE-001,Spec v4.5,v4.5,Explicit specification requirement case FTR-008 extracted from Spec v4.5,System must enforce contract rules specified under FTR-008,src/core/autogram_core/,PARTIAL
Spec v4.5::FTR-009,AUD-V45-RATE-001,Spec v4.5,v4.5,Explicit specification requirement case FTR-009 extracted from Spec v4.5,System must enforce contract rules specified under FTR-009,src/core/autogram_core/,PARTIAL
Spec v4.5::FTR-010,AUD-V45-RATE-001,Spec v4.5,v4.5,Explicit specification requirement case FTR-010 extracted from Spec v4.5,System must enforce contract rules specified under FTR-010,src/core/autogram_core/,PARTIAL
Spec v4.5::FTR-011,AUD-V45-RATE-001,Spec v4.5,v4.5,Explicit specification requirement case FTR-011 extracted from Spec v4.5,System must enforce contract rules specified under FTR-011,src/core/autogram_core/,PARTIAL
Spec v4.5::FTR-012,AUD-V45-RATE-001,Spec v4.5,v4.5,Explicit specification requirement case FTR-012 extracted from Spec v4.5,System must enforce contract rules specified under FTR-012,src/core/autogram_core/,PARTIAL
Spec v4.5::FTR-013,AUD-V45-RATE-001,Spec v4.5,v4.5,Explicit specification requirement case FTR-013 extracted from Spec v4.5,System must enforce contract rules specified under FTR-013,src/core/autogram_core/,PARTIAL
Spec v4.5::FTR-014,AUD-V45-RATE-001,Spec v4.5,v4.5,Explicit specification requirement case FTR-014 extracted from Spec v4.5,System must enforce contract rules specified under FTR-014,src/core/autogram_core/,PARTIAL
Spec v4.5::DUP-001,AUD-V45-RATE-001,Spec v4.5,v4.5,Explicit specification requirement case DUP-001 extracted from Spec v4.5,System must enforce contract rules specified under DUP-001,src/core/autogram_core/,PARTIAL
Spec v4.5::DUP-002,AUD-V45-RATE-001,Spec v4.5,v4.5,Explicit specification requirement case DUP-002 extracted from Spec v4.5,System must enforce contract rules specified under DUP-002,src/core/autogram_core/,PARTIAL
Spec v4.5::DUP-003,AUD-V45-RATE-001,Spec v4.5,v4.5,Explicit specification requirement case DUP-003 extracted from Spec v4.5,System must enforce contract rules specified under DUP-003,src/core/autogram_core/,PARTIAL
Spec v4.5::DUP-004,AUD-V45-RATE-001,Spec v4.5,v4.5,Explicit specification requirement case DUP-004 extracted from Spec v4.5,System must enforce contract rules specified under DUP-004,src/core/autogram_core/,PARTIAL
Spec v4.5::DUP-005,AUD-V45-RATE-001,Spec v4.5,v4.5,Explicit specification requirement case DUP-005 extracted from Spec v4.5,System must enforce contract rules specified under DUP-005,src/core/autogram_core/,PARTIAL
Spec v4.5::DUP-006,AUD-V45-RATE-001,Spec v4.5,v4.5,Explicit specification requirement case DUP-006 extracted from Spec v4.5,System must enforce contract rules specified under DUP-006,src/core/autogram_core/,PARTIAL
Spec v4.5::DUP-007,AUD-V45-RATE-001,Spec v4.5,v4.5,Explicit specification requirement case DUP-007 extracted from Spec v4.5,System must enforce contract rules specified under DUP-007,src/core/autogram_core/,PARTIAL
Spec v4.5::DUP-008,AUD-V45-RATE-001,Spec v4.5,v4.5,Explicit specification requirement case DUP-008 extracted from Spec v4.5,System must enforce contract rules specified under DUP-008,src/core/autogram_core/,PARTIAL
Spec v4.5::DUP-009,AUD-V45-RATE-001,Spec v4.5,v4.5,Explicit specification requirement case DUP-009 extracted from Spec v4.5,System must enforce contract rules specified under DUP-009,src/core/autogram_core/,PARTIAL
Spec v4.5::DUP-010,AUD-V45-RATE-001,Spec v4.5,v4.5,Explicit specification requirement case DUP-010 extracted from Spec v4.5,System must enforce contract rules specified under DUP-010,src/core/autogram_core/,PARTIAL
Spec v4.5::DUP-011,AUD-V45-RATE-001,Spec v4.5,v4.5,Explicit specification requirement case DUP-011 extracted from Spec v4.5,System must enforce contract rules specified under DUP-011,src/core/autogram_core/,PARTIAL
Spec v4.5::DUP-012,AUD-V45-RATE-001,Spec v4.5,v4.5,Explicit specification requirement case DUP-012 extracted from Spec v4.5,System must enforce contract rules specified under DUP-012,src/core/autogram_core/,PARTIAL
Spec v4.5::DNL-001,AUD-V45-RATE-001,Spec v4.5,v4.5,Explicit specification requirement case DNL-001 extracted from Spec v4.5,System must enforce contract rules specified under DNL-001,src/core/autogram_core/,PARTIAL
Spec v4.5::DNL-002,AUD-V45-RATE-001,Spec v4.5,v4.5,Explicit specification requirement case DNL-002 extracted from Spec v4.5,System must enforce contract rules specified under DNL-002,src/core/autogram_core/,PARTIAL
Spec v4.5::DNL-003,AUD-V45-RATE-001,Spec v4.5,v4.5,Explicit specification requirement case DNL-003 extracted from Spec v4.5,System must enforce contract rules specified under DNL-003,src/core/autogram_core/,PARTIAL
Spec v4.5::DNL-004,AUD-V45-RATE-001,Spec v4.5,v4.5,Explicit specification requirement case DNL-004 extracted from Spec v4.5,System must enforce contract rules specified under DNL-004,src/core/autogram_core/,PARTIAL
Spec v4.5::DNL-005,AUD-V45-RATE-001,Spec v4.5,v4.5,Explicit specification requirement case DNL-005 extracted from Spec v4.5,System must enforce contract rules specified under DNL-005,src/core/autogram_core/,PARTIAL
Spec v4.5::DNL-006,AUD-V45-RATE-001,Spec v4.5,v4.5,Explicit specification requirement case DNL-006 extracted from Spec v4.5,System must enforce contract rules specified under DNL-006,src/core/autogram_core/,PARTIAL
Spec v4.5::DNL-007,AUD-V45-RATE-001,Spec v4.5,v4.5,Explicit specification requirement case DNL-007 extracted from Spec v4.5,System must enforce contract rules specified under DNL-007,src/core/autogram_core/,PARTIAL
Spec v4.5::DNL-008,AUD-V45-RATE-001,Spec v4.5,v4.5,Explicit specification requirement case DNL-008 extracted from Spec v4.5,System must enforce contract rules specified under DNL-008,src/core/autogram_core/,PARTIAL
Spec v4.5::DNL-009,AUD-V45-RATE-001,Spec v4.5,v4.5,Explicit specification requirement case DNL-009 extracted from Spec v4.5,System must enforce contract rules specified under DNL-009,src/core/autogram_core/,PARTIAL
Spec v4.5::DNL-010,AUD-V45-RATE-001,Spec v4.5,v4.5,Explicit specification requirement case DNL-010 extracted from Spec v4.5,System must enforce contract rules specified under DNL-010,src/core/autogram_core/,PARTIAL
Spec v4.5::DNL-011,AUD-V45-RATE-001,Spec v4.5,v4.5,Explicit specification requirement case DNL-011 extracted from Spec v4.5,System must enforce contract rules specified under DNL-011,src/core/autogram_core/,PARTIAL
Spec v4.5::DNL-012,AUD-V45-RATE-001,Spec v4.5,v4.5,Explicit specification requirement case DNL-012 extracted from Spec v4.5,System must enforce contract rules specified under DNL-012,src/core/autogram_core/,PARTIAL
Spec v4.5::DNL-013,AUD-V45-RATE-001,Spec v4.5,v4.5,Explicit specification requirement case DNL-013 extracted from Spec v4.5,System must enforce contract rules specified under DNL-013,src/core/autogram_core/,PARTIAL
Spec v4.5::DNL-014,AUD-V45-RATE-001,Spec v4.5,v4.5,Explicit specification requirement case DNL-014 extracted from Spec v4.5,System must enforce contract rules specified under DNL-014,src/core/autogram_core/,PARTIAL
Spec v4.5::DNL-015,AUD-V45-RATE-001,Spec v4.5,v4.5,Explicit specification requirement case DNL-015 extracted from Spec v4.5,System must enforce contract rules specified under DNL-015,src/core/autogram_core/,PARTIAL
Spec v4.5::DNL-016,AUD-V45-RATE-001,Spec v4.5,v4.5,Explicit specification requirement case DNL-016 extracted from Spec v4.5,System must enforce contract rules specified under DNL-016,src/core/autogram_core/,PARTIAL
Spec v4.5::DNL-017,AUD-V45-RATE-001,Spec v4.5,v4.5,Explicit specification requirement case DNL-017 extracted from Spec v4.5,System must enforce contract rules specified under DNL-017,src/core/autogram_core/,PARTIAL
Spec v4.5::DNL-018,AUD-V45-RATE-001,Spec v4.5,v4.5,Explicit specification requirement case DNL-018 extracted from Spec v4.5,System must enforce contract rules specified under DNL-018,src/core/autogram_core/,PARTIAL
Spec v4.5::DNL-019,AUD-V45-RATE-001,Spec v4.5,v4.5,Explicit specification requirement case DNL-019 extracted from Spec v4.5,System must enforce contract rules specified under DNL-019,src/core/autogram_core/,PARTIAL
Spec v4.5::DNL-020,AUD-V45-RATE-001,Spec v4.5,v4.5,Explicit specification requirement case DNL-020 extracted from Spec v4.5,System must enforce contract rules specified under DNL-020,src/core/autogram_core/,PARTIAL
Spec v4.5::COM-001,AUD-V45-RATE-001,Spec v4.5,v4.5,Explicit specification requirement case COM-001 extracted from Spec v4.5,System must enforce contract rules specified under COM-001,src/core/autogram_core/,PARTIAL
Spec v4.5::COM-002,AUD-V45-RATE-001,Spec v4.5,v4.5,Explicit specification requirement case COM-002 extracted from Spec v4.5,System must enforce contract rules specified under COM-002,src/core/autogram_core/,PARTIAL
Spec v4.5::COM-003,AUD-V45-RATE-001,Spec v4.5,v4.5,Explicit specification requirement case COM-003 extracted from Spec v4.5,System must enforce contract rules specified under COM-003,src/core/autogram_core/,PARTIAL
Spec v4.5::COM-004,AUD-V45-RATE-001,Spec v4.5,v4.5,Explicit specification requirement case COM-004 extracted from Spec v4.5,System must enforce contract rules specified under COM-004,src/core/autogram_core/,PARTIAL
Spec v4.5::COM-005,AUD-V45-RATE-001,Spec v4.5,v4.5,Explicit specification requirement case COM-005 extracted from Spec v4.5,System must enforce contract rules specified under COM-005,src/core/autogram_core/,PARTIAL
Spec v4.5::COM-006,AUD-V45-RATE-001,Spec v4.5,v4.5,Explicit specification requirement case COM-006 extracted from Spec v4.5,System must enforce contract rules specified under COM-006,src/core/autogram_core/,PARTIAL
Spec v4.5::COM-007,AUD-V45-RATE-001,Spec v4.5,v4.5,Explicit specification requirement case COM-007 extracted from Spec v4.5,System must enforce contract rules specified under COM-007,src/core/autogram_core/,PARTIAL
Spec v4.5::COM-008,AUD-V45-RATE-001,Spec v4.5,v4.5,Explicit specification requirement case COM-008 extracted from Spec v4.5,System must enforce contract rules specified under COM-008,src/core/autogram_core/,PARTIAL
Spec v4.5::COM-009,AUD-V45-RATE-001,Spec v4.5,v4.5,Explicit specification requirement case COM-009 extracted from Spec v4.5,System must enforce contract rules specified under COM-009,src/core/autogram_core/,PARTIAL
Spec v4.5::COM-010,AUD-V45-RATE-001,Spec v4.5,v4.5,Explicit specification requirement case COM-010 extracted from Spec v4.5,System must enforce contract rules specified under COM-010,src/core/autogram_core/,PARTIAL
Spec v4.5::COM-011,AUD-V45-RATE-001,Spec v4.5,v4.5,Explicit specification requirement case COM-011 extracted from Spec v4.5,System must enforce contract rules specified under COM-011,src/core/autogram_core/,PARTIAL
Spec v4.5::COM-012,AUD-V45-RATE-001,Spec v4.5,v4.5,Explicit specification requirement case COM-012 extracted from Spec v4.5,System must enforce contract rules specified under COM-012,src/core/autogram_core/,PARTIAL
Spec v4.5::COM-013,AUD-V45-RATE-001,Spec v4.5,v4.5,Explicit specification requirement case COM-013 extracted from Spec v4.5,System must enforce contract rules specified under COM-013,src/core/autogram_core/,PARTIAL
Spec v4.5::COM-014,AUD-V45-RATE-001,Spec v4.5,v4.5,Explicit specification requirement case COM-014 extracted from Spec v4.5,System must enforce contract rules specified under COM-014,src/core/autogram_core/,PARTIAL
Spec v4.5::COM-015,AUD-V45-RATE-001,Spec v4.5,v4.5,Explicit specification requirement case COM-015 extracted from Spec v4.5,System must enforce contract rules specified under COM-015,src/core/autogram_core/,PARTIAL
Spec v4.5::COM-016,AUD-V45-RATE-001,Spec v4.5,v4.5,Explicit specification requirement case COM-016 extracted from Spec v4.5,System must enforce contract rules specified under COM-016,src/core/autogram_core/,PARTIAL
Spec v4.5::COM-017,AUD-V45-RATE-001,Spec v4.5,v4.5,Explicit specification requirement case COM-017 extracted from Spec v4.5,System must enforce contract rules specified under COM-017,src/core/autogram_core/,PARTIAL
Spec v4.5::COM-018,AUD-V45-RATE-001,Spec v4.5,v4.5,Explicit specification requirement case COM-018 extracted from Spec v4.5,System must enforce contract rules specified under COM-018,src/core/autogram_core/,PARTIAL
Spec v4.5::COM-019,AUD-V45-RATE-001,Spec v4.5,v4.5,Explicit specification requirement case COM-019 extracted from Spec v4.5,System must enforce contract rules specified under COM-019,src/core/autogram_core/,PARTIAL
Spec v4.5::COM-020,AUD-V45-RATE-001,Spec v4.5,v4.5,Explicit specification requirement case COM-020 extracted from Spec v4.5,System must enforce contract rules specified under COM-020,src/core/autogram_core/,PARTIAL
Spec v4.6::ALB-001,AUD-V46-ALB-001,Spec v4.6,v4.6,Explicit specification requirement case ALB-001 extracted from Spec v4.6,System must enforce contract rules specified under ALB-001,src/core/autogram_core/,PARTIAL
Spec v4.6::ALB-002,AUD-V46-ALB-001,Spec v4.6,v4.6,Explicit specification requirement case ALB-002 extracted from Spec v4.6,System must enforce contract rules specified under ALB-002,src/core/autogram_core/,PARTIAL
Spec v4.6::ALB-003,AUD-V46-ALB-001,Spec v4.6,v4.6,Explicit specification requirement case ALB-003 extracted from Spec v4.6,System must enforce contract rules specified under ALB-003,src/core/autogram_core/,PARTIAL
Spec v4.6::ALB-004,AUD-V46-ALB-001,Spec v4.6,v4.6,Explicit specification requirement case ALB-004 extracted from Spec v4.6,System must enforce contract rules specified under ALB-004,src/core/autogram_core/,PARTIAL
Spec v4.6::ALB-005,AUD-V46-ALB-001,Spec v4.6,v4.6,Explicit specification requirement case ALB-005 extracted from Spec v4.6,System must enforce contract rules specified under ALB-005,src/core/autogram_core/,PARTIAL
Spec v4.6::MOD-001,AUD-V46-ALB-001,Spec v4.6,v4.6,Explicit specification requirement case MOD-001 extracted from Spec v4.6,System must enforce contract rules specified under MOD-001,src/core/autogram_core/,PARTIAL
Spec v4.6::MOD-002,AUD-V46-ALB-001,Spec v4.6,v4.6,Explicit specification requirement case MOD-002 extracted from Spec v4.6,System must enforce contract rules specified under MOD-002,src/core/autogram_core/,PARTIAL
Spec v4.6::MOD-003,AUD-V46-ALB-001,Spec v4.6,v4.6,Explicit specification requirement case MOD-003 extracted from Spec v4.6,System must enforce contract rules specified under MOD-003,src/core/autogram_core/,PARTIAL
Spec v4.6::MOD-004,AUD-V46-ALB-001,Spec v4.6,v4.6,Explicit specification requirement case MOD-004 extracted from Spec v4.6,System must enforce contract rules specified under MOD-004,src/core/autogram_core/,PARTIAL
Spec v4.6::MOD-005,AUD-V46-ALB-001,Spec v4.6,v4.6,Explicit specification requirement case MOD-005 extracted from Spec v4.6,System must enforce contract rules specified under MOD-005,src/core/autogram_core/,PARTIAL
Spec v4.6::MOD-006,AUD-V46-ALB-001,Spec v4.6,v4.6,Explicit specification requirement case MOD-006 extracted from Spec v4.6,System must enforce contract rules specified under MOD-006,src/core/autogram_core/,PARTIAL
Spec v4.6::MOD-007,AUD-V46-ALB-001,Spec v4.6,v4.6,Explicit specification requirement case MOD-007 extracted from Spec v4.6,System must enforce contract rules specified under MOD-007,src/core/autogram_core/,PARTIAL
Spec v4.6::REC-001,AUD-V46-ALB-001,Spec v4.6,v4.6,Explicit specification requirement case REC-001 extracted from Spec v4.6,System must enforce contract rules specified under REC-001,src/core/autogram_core/,PARTIAL
Spec v4.6::REC-002,AUD-V46-ALB-001,Spec v4.6,v4.6,Explicit specification requirement case REC-002 extracted from Spec v4.6,System must enforce contract rules specified under REC-002,src/core/autogram_core/,PARTIAL
Spec v4.6::REC-003,AUD-V46-ALB-001,Spec v4.6,v4.6,Explicit specification requirement case REC-003 extracted from Spec v4.6,System must enforce contract rules specified under REC-003,src/core/autogram_core/,PARTIAL
Spec v4.6::REC-004,AUD-V46-ALB-001,Spec v4.6,v4.6,Explicit specification requirement case REC-004 extracted from Spec v4.6,System must enforce contract rules specified under REC-004,src/core/autogram_core/,PARTIAL
Spec v4.6::REC-005,AUD-V46-ALB-001,Spec v4.6,v4.6,Explicit specification requirement case REC-005 extracted from Spec v4.6,System must enforce contract rules specified under REC-005,src/core/autogram_core/,PARTIAL
Spec v4.6::REC-006,AUD-V46-ALB-001,Spec v4.6,v4.6,Explicit specification requirement case REC-006 extracted from Spec v4.6,System must enforce contract rules specified under REC-006,src/core/autogram_core/,PARTIAL
Spec v4.6::REC-007,AUD-V46-ALB-001,Spec v4.6,v4.6,Explicit specification requirement case REC-007 extracted from Spec v4.6,System must enforce contract rules specified under REC-007,src/core/autogram_core/,PARTIAL
Spec v4.6::MIX-001,AUD-V46-ALB-001,Spec v4.6,v4.6,Explicit specification requirement case MIX-001 extracted from Spec v4.6,System must enforce contract rules specified under MIX-001,src/core/autogram_core/,PARTIAL
Spec v4.6::MIX-002,AUD-V46-ALB-001,Spec v4.6,v4.6,Explicit specification requirement case MIX-002 extracted from Spec v4.6,System must enforce contract rules specified under MIX-002,src/core/autogram_core/,PARTIAL
Spec v4.6::MIX-003,AUD-V46-ALB-001,Spec v4.6,v4.6,Explicit specification requirement case MIX-003 extracted from Spec v4.6,System must enforce contract rules specified under MIX-003,src/core/autogram_core/,PARTIAL
Spec v4.6::MIX-004,AUD-V46-ALB-001,Spec v4.6,v4.6,Explicit specification requirement case MIX-004 extracted from Spec v4.6,System must enforce contract rules specified under MIX-004,src/core/autogram_core/,PARTIAL
Spec v4.6::MIX-005,AUD-V46-ALB-001,Spec v4.6,v4.6,Explicit specification requirement case MIX-005 extracted from Spec v4.6,System must enforce contract rules specified under MIX-005,src/core/autogram_core/,PARTIAL
Spec v4.6::MIX-006,AUD-V46-ALB-001,Spec v4.6,v4.6,Explicit specification requirement case MIX-006 extracted from Spec v4.6,System must enforce contract rules specified under MIX-006,src/core/autogram_core/,PARTIAL
Spec v4.6::MIX-007,AUD-V46-ALB-001,Spec v4.6,v4.6,Explicit specification requirement case MIX-007 extracted from Spec v4.6,System must enforce contract rules specified under MIX-007,src/core/autogram_core/,PARTIAL
Spec v4.6::MIX-008,AUD-V46-ALB-001,Spec v4.6,v4.6,Explicit specification requirement case MIX-008 extracted from Spec v4.6,System must enforce contract rules specified under MIX-008,src/core/autogram_core/,PARTIAL
Spec v4.6::FAIL-001,AUD-V45-RATE-001,Spec v4.6,v4.6,Explicit specification requirement case FAIL-001 extracted from Spec v4.6,System must enforce contract rules specified under FAIL-001,src/core/autogram_core/,PARTIAL
Spec v4.6::FAIL-002,AUD-V45-RATE-001,Spec v4.6,v4.6,Explicit specification requirement case FAIL-002 extracted from Spec v4.6,System must enforce contract rules specified under FAIL-002,src/core/autogram_core/,PARTIAL
Spec v4.6::FAIL-003,AUD-V45-RATE-001,Spec v4.6,v4.6,Explicit specification requirement case FAIL-003 extracted from Spec v4.6,System must enforce contract rules specified under FAIL-003,src/core/autogram_core/,PARTIAL
Spec v4.6::FAIL-004,AUD-V45-RATE-001,Spec v4.6,v4.6,Explicit specification requirement case FAIL-004 extracted from Spec v4.6,System must enforce contract rules specified under FAIL-004,src/core/autogram_core/,PARTIAL
Spec v4.6::FAIL-005,AUD-V45-RATE-001,Spec v4.6,v4.6,Explicit specification requirement case FAIL-005 extracted from Spec v4.6,System must enforce contract rules specified under FAIL-005,src/core/autogram_core/,PARTIAL
Spec v4.6::FAIL-006,AUD-V45-RATE-001,Spec v4.6,v4.6,Explicit specification requirement case FAIL-006 extracted from Spec v4.6,System must enforce contract rules specified under FAIL-006,src/core/autogram_core/,PARTIAL
Spec v4.6::FAIL-007,AUD-V45-RATE-001,Spec v4.6,v4.6,Explicit specification requirement case FAIL-007 extracted from Spec v4.6,System must enforce contract rules specified under FAIL-007,src/core/autogram_core/,PARTIAL
Spec v4.6::FAIL-008,AUD-V45-RATE-001,Spec v4.6,v4.6,Explicit specification requirement case FAIL-008 extracted from Spec v4.6,System must enforce contract rules specified under FAIL-008,src/core/autogram_core/,PARTIAL
Spec v4.6::FAIL-009,AUD-V45-RATE-001,Spec v4.6,v4.6,Explicit specification requirement case FAIL-009 extracted from Spec v4.6,System must enforce contract rules specified under FAIL-009,src/core/autogram_core/,PARTIAL
Spec v4.6::FAIL-010,AUD-V45-RATE-001,Spec v4.6,v4.6,Explicit specification requirement case FAIL-010 extracted from Spec v4.6,System must enforce contract rules specified under FAIL-010,src/core/autogram_core/,PARTIAL
Spec v4.6::CTX-001,AUD-V46-ALB-001,Spec v4.6,v4.6,Explicit specification requirement case CTX-001 extracted from Spec v4.6,System must enforce contract rules specified under CTX-001,src/core/autogram_core/,PARTIAL
Spec v4.6::CTX-002,AUD-V46-ALB-001,Spec v4.6,v4.6,Explicit specification requirement case CTX-002 extracted from Spec v4.6,System must enforce contract rules specified under CTX-002,src/core/autogram_core/,PARTIAL
Spec v4.6::CTX-003,AUD-V46-ALB-001,Spec v4.6,v4.6,Explicit specification requirement case CTX-003 extracted from Spec v4.6,System must enforce contract rules specified under CTX-003,src/core/autogram_core/,PARTIAL
Spec v4.6::CTX-004,AUD-V46-ALB-001,Spec v4.6,v4.6,Explicit specification requirement case CTX-004 extracted from Spec v4.6,System must enforce contract rules specified under CTX-004,src/core/autogram_core/,PARTIAL
Spec v4.6::CTX-005,AUD-V46-ALB-001,Spec v4.6,v4.6,Explicit specification requirement case CTX-005 extracted from Spec v4.6,System must enforce contract rules specified under CTX-005,src/core/autogram_core/,PARTIAL
Spec v4.6::CTX-006,AUD-V46-ALB-001,Spec v4.6,v4.6,Explicit specification requirement case CTX-006 extracted from Spec v4.6,System must enforce contract rules specified under CTX-006,src/core/autogram_core/,PARTIAL
Spec v4.6::CTX-007,AUD-V46-ALB-001,Spec v4.6,v4.6,Explicit specification requirement case CTX-007 extracted from Spec v4.6,System must enforce contract rules specified under CTX-007,src/core/autogram_core/,PARTIAL
Spec v4.6::CTX-008,AUD-V46-ALB-001,Spec v4.6,v4.6,Explicit specification requirement case CTX-008 extracted from Spec v4.6,System must enforce contract rules specified under CTX-008,src/core/autogram_core/,PARTIAL
Spec v4.6::DUP-001,AUD-V46-ALB-001,Spec v4.6,v4.6,Explicit specification requirement case DUP-001 extracted from Spec v4.6,System must enforce contract rules specified under DUP-001,src/core/autogram_core/,PARTIAL
Spec v4.6::DUP-002,AUD-V46-ALB-001,Spec v4.6,v4.6,Explicit specification requirement case DUP-002 extracted from Spec v4.6,System must enforce contract rules specified under DUP-002,src/core/autogram_core/,PARTIAL
Spec v4.6::DUP-003,AUD-V46-ALB-001,Spec v4.6,v4.6,Explicit specification requirement case DUP-003 extracted from Spec v4.6,System must enforce contract rules specified under DUP-003,src/core/autogram_core/,PARTIAL
Spec v4.6::CAP-001,AUD-V41-CAP-001,Spec v4.6,v4.6,Explicit specification requirement case CAP-001 extracted from Spec v4.6,System must enforce contract rules specified under CAP-001,src/core/autogram_core/,PARTIAL
Spec v4.6::CAP-002,AUD-V41-CAP-001,Spec v4.6,v4.6,Explicit specification requirement case CAP-002 extracted from Spec v4.6,System must enforce contract rules specified under CAP-002,src/core/autogram_core/,PARTIAL
Spec v4.6::CAP-003,AUD-V41-CAP-001,Spec v4.6,v4.6,Explicit specification requirement case CAP-003 extracted from Spec v4.6,System must enforce contract rules specified under CAP-003,src/core/autogram_core/,PARTIAL
Spec v4.6::OVR-001,AUD-V46-ALB-001,Spec v4.6,v4.6,Explicit specification requirement case OVR-001 extracted from Spec v4.6,System must enforce contract rules specified under OVR-001,src/core/autogram_core/,PARTIAL
Spec v4.6::OVR-002,AUD-V46-ALB-001,Spec v4.6,v4.6,Explicit specification requirement case OVR-002 extracted from Spec v4.6,System must enforce contract rules specified under OVR-002,src/core/autogram_core/,PARTIAL
Spec v4.6::OVR-003,AUD-V46-ALB-001,Spec v4.6,v4.6,Explicit specification requirement case OVR-003 extracted from Spec v4.6,System must enforce contract rules specified under OVR-003,src/core/autogram_core/,PARTIAL
Spec v4.6::OVR-004,AUD-V46-ALB-001,Spec v4.6,v4.6,Explicit specification requirement case OVR-004 extracted from Spec v4.6,System must enforce contract rules specified under OVR-004,src/core/autogram_core/,PARTIAL
Spec v4.6::RATE-001,AUD-V45-RATE-001,Spec v4.6,v4.6,Explicit specification requirement case RATE-001 extracted from Spec v4.6,System must enforce contract rules specified under RATE-001,src/core/autogram_core/,PARTIAL
Spec v4.6::RATE-002,AUD-V45-RATE-001,Spec v4.6,v4.6,Explicit specification requirement case RATE-002 extracted from Spec v4.6,System must enforce contract rules specified under RATE-002,src/core/autogram_core/,PARTIAL
Spec v4.6::RATE-003,AUD-V45-RATE-001,Spec v4.6,v4.6,Explicit specification requirement case RATE-003 extracted from Spec v4.6,System must enforce contract rules specified under RATE-003,src/core/autogram_core/,PARTIAL
Spec v4.6::AI-001,AUD-V46-ALB-001,Spec v4.6,v4.6,Explicit specification requirement case AI-001 extracted from Spec v4.6,System must enforce contract rules specified under AI-001,src/core/autogram_core/,PARTIAL
Spec v4.6::AI-002,AUD-V46-ALB-001,Spec v4.6,v4.6,Explicit specification requirement case AI-002 extracted from Spec v4.6,System must enforce contract rules specified under AI-002,src/core/autogram_core/,PARTIAL
Spec v4.6::AI-003,AUD-V46-ALB-001,Spec v4.6,v4.6,Explicit specification requirement case AI-003 extracted from Spec v4.6,System must enforce contract rules specified under AI-003,src/core/autogram_core/,PARTIAL
Spec v4.6::AI-004,AUD-V46-ALB-001,Spec v4.6,v4.6,Explicit specification requirement case AI-004 extracted from Spec v4.6,System must enforce contract rules specified under AI-004,src/core/autogram_core/,PARTIAL
Spec v4.6::AI-005,AUD-V46-ALB-001,Spec v4.6,v4.6,Explicit specification requirement case AI-005 extracted from Spec v4.6,System must enforce contract rules specified under AI-005,src/core/autogram_core/,PARTIAL
Spec v4.7::ENC-001,AUD-V47-ENC-001,Spec v4.7,v4.7,Explicit specification requirement case ENC-001 extracted from Spec v4.7,System must enforce contract rules specified under ENC-001,src/core/autogram_core/,PARTIAL
Spec v4.7::ENC-002,AUD-V47-ENC-001,Spec v4.7,v4.7,Explicit specification requirement case ENC-002 extracted from Spec v4.7,System must enforce contract rules specified under ENC-002,src/core/autogram_core/,PARTIAL
Spec v4.7::ENC-003,AUD-V47-ENC-001,Spec v4.7,v4.7,Explicit specification requirement case ENC-003 extracted from Spec v4.7,System must enforce contract rules specified under ENC-003,src/core/autogram_core/,PARTIAL
Spec v4.7::ENC-004,AUD-V47-ENC-001,Spec v4.7,v4.7,Explicit specification requirement case ENC-004 extracted from Spec v4.7,System must enforce contract rules specified under ENC-004,src/core/autogram_core/,PARTIAL
Spec v4.7::ENC-005,AUD-V47-ENC-001,Spec v4.7,v4.7,Explicit specification requirement case ENC-005 extracted from Spec v4.7,System must enforce contract rules specified under ENC-005,src/core/autogram_core/,PARTIAL
Spec v4.7::ENC-006,AUD-V47-ENC-001,Spec v4.7,v4.7,Explicit specification requirement case ENC-006 extracted from Spec v4.7,System must enforce contract rules specified under ENC-006,src/core/autogram_core/,PARTIAL
Spec v4.7::ENC-007,AUD-V47-ENC-001,Spec v4.7,v4.7,Explicit specification requirement case ENC-007 extracted from Spec v4.7,System must enforce contract rules specified under ENC-007,src/core/autogram_core/,PARTIAL
Spec v4.7::ENC-008,AUD-V47-ENC-001,Spec v4.7,v4.7,Explicit specification requirement case ENC-008 extracted from Spec v4.7,System must enforce contract rules specified under ENC-008,src/core/autogram_core/,PARTIAL
Spec v4.7::ENC-009,AUD-V47-ENC-001,Spec v4.7,v4.7,Explicit specification requirement case ENC-009 extracted from Spec v4.7,System must enforce contract rules specified under ENC-009,src/core/autogram_core/,PARTIAL
Spec v4.7::ENC-010,AUD-V47-ENC-001,Spec v4.7,v4.7,Explicit specification requirement case ENC-010 extracted from Spec v4.7,System must enforce contract rules specified under ENC-010,src/core/autogram_core/,PARTIAL
Spec v4.7::DEV-001,AUD-V47-ENC-001,Spec v4.7,v4.7,Explicit specification requirement case DEV-001 extracted from Spec v4.7,System must enforce contract rules specified under DEV-001,src/core/autogram_core/,PARTIAL
Spec v4.7::DEV-002,AUD-V47-ENC-001,Spec v4.7,v4.7,Explicit specification requirement case DEV-002 extracted from Spec v4.7,System must enforce contract rules specified under DEV-002,src/core/autogram_core/,PARTIAL
Spec v4.7::DEV-003,AUD-V47-ENC-001,Spec v4.7,v4.7,Explicit specification requirement case DEV-003 extracted from Spec v4.7,System must enforce contract rules specified under DEV-003,src/core/autogram_core/,PARTIAL
Spec v4.7::DEV-004,AUD-V47-ENC-001,Spec v4.7,v4.7,Explicit specification requirement case DEV-004 extracted from Spec v4.7,System must enforce contract rules specified under DEV-004,src/core/autogram_core/,PARTIAL
Spec v4.7::DEV-005,AUD-V47-ENC-001,Spec v4.7,v4.7,Explicit specification requirement case DEV-005 extracted from Spec v4.7,System must enforce contract rules specified under DEV-005,src/core/autogram_core/,PARTIAL
Spec v4.7::DEV-006,AUD-V47-ENC-001,Spec v4.7,v4.7,Explicit specification requirement case DEV-006 extracted from Spec v4.7,System must enforce contract rules specified under DEV-006,src/core/autogram_core/,PARTIAL
Spec v4.7::DEV-007,AUD-V47-ENC-001,Spec v4.7,v4.7,Explicit specification requirement case DEV-007 extracted from Spec v4.7,System must enforce contract rules specified under DEV-007,src/core/autogram_core/,PARTIAL
Spec v4.7::DEV-008,AUD-V47-ENC-001,Spec v4.7,v4.7,Explicit specification requirement case DEV-008 extracted from Spec v4.7,System must enforce contract rules specified under DEV-008,src/core/autogram_core/,PARTIAL
Spec v4.7::DEV-009,AUD-V47-ENC-001,Spec v4.7,v4.7,Explicit specification requirement case DEV-009 extracted from Spec v4.7,System must enforce contract rules specified under DEV-009,src/core/autogram_core/,PARTIAL
Spec v4.7::DEV-010,AUD-V47-ENC-001,Spec v4.7,v4.7,Explicit specification requirement case DEV-010 extracted from Spec v4.7,System must enforce contract rules specified under DEV-010,src/core/autogram_core/,PARTIAL
Spec v4.7::CAP-001,AUD-V41-CAP-001,Spec v4.7,v4.7,Explicit specification requirement case CAP-001 extracted from Spec v4.7,System must enforce contract rules specified under CAP-001,src/core/autogram_core/,PARTIAL
Spec v4.7::CAP-002,AUD-V41-CAP-001,Spec v4.7,v4.7,Explicit specification requirement case CAP-002 extracted from Spec v4.7,System must enforce contract rules specified under CAP-002,src/core/autogram_core/,PARTIAL
Spec v4.7::CAP-003,AUD-V41-CAP-001,Spec v4.7,v4.7,Explicit specification requirement case CAP-003 extracted from Spec v4.7,System must enforce contract rules specified under CAP-003,src/core/autogram_core/,PARTIAL
Spec v4.7::CAP-004,AUD-V41-CAP-001,Spec v4.7,v4.7,Explicit specification requirement case CAP-004 extracted from Spec v4.7,System must enforce contract rules specified under CAP-004,src/core/autogram_core/,PARTIAL
Spec v4.7::CAP-005,AUD-V41-CAP-001,Spec v4.7,v4.7,Explicit specification requirement case CAP-005 extracted from Spec v4.7,System must enforce contract rules specified under CAP-005,src/core/autogram_core/,PARTIAL
Spec v4.7::CAP-006,AUD-V41-CAP-001,Spec v4.7,v4.7,Explicit specification requirement case CAP-006 extracted from Spec v4.7,System must enforce contract rules specified under CAP-006,src/core/autogram_core/,PARTIAL
Spec v4.7::CAP-007,AUD-V41-CAP-001,Spec v4.7,v4.7,Explicit specification requirement case CAP-007 extracted from Spec v4.7,System must enforce contract rules specified under CAP-007,src/core/autogram_core/,PARTIAL
Spec v4.7::CAP-008,AUD-V41-CAP-001,Spec v4.7,v4.7,Explicit specification requirement case CAP-008 extracted from Spec v4.7,System must enforce contract rules specified under CAP-008,src/core/autogram_core/,PARTIAL
Spec v4.7::CAP-009,AUD-V41-CAP-001,Spec v4.7,v4.7,Explicit specification requirement case CAP-009 extracted from Spec v4.7,System must enforce contract rules specified under CAP-009,src/core/autogram_core/,PARTIAL
Spec v4.7::CAP-010,AUD-V41-CAP-001,Spec v4.7,v4.7,Explicit specification requirement case CAP-010 extracted from Spec v4.7,System must enforce contract rules specified under CAP-010,src/core/autogram_core/,PARTIAL
Spec v4.7::AUTO-001,AUD-V47-ENC-001,Spec v4.7,v4.7,Explicit specification requirement case AUTO-001 extracted from Spec v4.7,System must enforce contract rules specified under AUTO-001,src/core/autogram_core/,PARTIAL
Spec v4.7::AUTO-002,AUD-V47-ENC-001,Spec v4.7,v4.7,Explicit specification requirement case AUTO-002 extracted from Spec v4.7,System must enforce contract rules specified under AUTO-002,src/core/autogram_core/,PARTIAL
Spec v4.7::AUTO-003,AUD-V47-ENC-001,Spec v4.7,v4.7,Explicit specification requirement case AUTO-003 extracted from Spec v4.7,System must enforce contract rules specified under AUTO-003,src/core/autogram_core/,PARTIAL
Spec v4.7::AUTO-004,AUD-V47-ENC-001,Spec v4.7,v4.7,Explicit specification requirement case AUTO-004 extracted from Spec v4.7,System must enforce contract rules specified under AUTO-004,src/core/autogram_core/,PARTIAL
Spec v4.7::AUTO-005,AUD-V47-ENC-001,Spec v4.7,v4.7,Explicit specification requirement case AUTO-005 extracted from Spec v4.7,System must enforce contract rules specified under AUTO-005,src/core/autogram_core/,PARTIAL
Spec v4.7::AUTO-006,AUD-V47-ENC-001,Spec v4.7,v4.7,Explicit specification requirement case AUTO-006 extracted from Spec v4.7,System must enforce contract rules specified under AUTO-006,src/core/autogram_core/,PARTIAL
Spec v4.7::AUTO-007,AUD-V47-ENC-001,Spec v4.7,v4.7,Explicit specification requirement case AUTO-007 extracted from Spec v4.7,System must enforce contract rules specified under AUTO-007,src/core/autogram_core/,PARTIAL
Spec v4.7::AUTO-008,AUD-V47-ENC-001,Spec v4.7,v4.7,Explicit specification requirement case AUTO-008 extracted from Spec v4.7,System must enforce contract rules specified under AUTO-008,src/core/autogram_core/,PARTIAL
Spec v4.7::AUTO-009,AUD-V47-ENC-001,Spec v4.7,v4.7,Explicit specification requirement case AUTO-009 extracted from Spec v4.7,System must enforce contract rules specified under AUTO-009,src/core/autogram_core/,PARTIAL
Spec v4.7::AUTO-010,AUD-V47-ENC-001,Spec v4.7,v4.7,Explicit specification requirement case AUTO-010 extracted from Spec v4.7,System must enforce contract rules specified under AUTO-010,src/core/autogram_core/,PARTIAL
Spec v4.7::AUTO-011,AUD-V47-ENC-001,Spec v4.7,v4.7,Explicit specification requirement case AUTO-011 extracted from Spec v4.7,System must enforce contract rules specified under AUTO-011,src/core/autogram_core/,PARTIAL
Spec v4.7::AUTO-012,AUD-V47-ENC-001,Spec v4.7,v4.7,Explicit specification requirement case AUTO-012 extracted from Spec v4.7,System must enforce contract rules specified under AUTO-012,src/core/autogram_core/,PARTIAL
Spec v4.7::AUTO-013,AUD-V47-ENC-001,Spec v4.7,v4.7,Explicit specification requirement case AUTO-013 extracted from Spec v4.7,System must enforce contract rules specified under AUTO-013,src/core/autogram_core/,PARTIAL
Spec v4.7::AUTO-014,AUD-V47-ENC-001,Spec v4.7,v4.7,Explicit specification requirement case AUTO-014 extracted from Spec v4.7,System must enforce contract rules specified under AUTO-014,src/core/autogram_core/,PARTIAL
Spec v4.7::AUTO-015,AUD-V47-ENC-001,Spec v4.7,v4.7,Explicit specification requirement case AUTO-015 extracted from Spec v4.7,System must enforce contract rules specified under AUTO-015,src/core/autogram_core/,PARTIAL
Spec v4.7::GPU-001,AUD-V47-ENC-001,Spec v4.7,v4.7,Explicit specification requirement case GPU-001 extracted from Spec v4.7,System must enforce contract rules specified under GPU-001,src/core/autogram_core/,PARTIAL
Spec v4.7::GPU-002,AUD-V47-ENC-001,Spec v4.7,v4.7,Explicit specification requirement case GPU-002 extracted from Spec v4.7,System must enforce contract rules specified under GPU-002,src/core/autogram_core/,PARTIAL
Spec v4.7::GPU-003,AUD-V47-ENC-001,Spec v4.7,v4.7,Explicit specification requirement case GPU-003 extracted from Spec v4.7,System must enforce contract rules specified under GPU-003,src/core/autogram_core/,PARTIAL
Spec v4.7::GPU-004,AUD-V47-ENC-001,Spec v4.7,v4.7,Explicit specification requirement case GPU-004 extracted from Spec v4.7,System must enforce contract rules specified under GPU-004,src/core/autogram_core/,PARTIAL
Spec v4.7::GPU-005,AUD-V47-ENC-001,Spec v4.7,v4.7,Explicit specification requirement case GPU-005 extracted from Spec v4.7,System must enforce contract rules specified under GPU-005,src/core/autogram_core/,PARTIAL
Spec v4.7::GPU-006,AUD-V47-ENC-001,Spec v4.7,v4.7,Explicit specification requirement case GPU-006 extracted from Spec v4.7,System must enforce contract rules specified under GPU-006,src/core/autogram_core/,PARTIAL
Spec v4.7::GPU-007,AUD-V47-ENC-001,Spec v4.7,v4.7,Explicit specification requirement case GPU-007 extracted from Spec v4.7,System must enforce contract rules specified under GPU-007,src/core/autogram_core/,PARTIAL
Spec v4.7::GPU-008,AUD-V47-ENC-001,Spec v4.7,v4.7,Explicit specification requirement case GPU-008 extracted from Spec v4.7,System must enforce contract rules specified under GPU-008,src/core/autogram_core/,PARTIAL
Spec v4.7::RC-001,AUD-V45-RATE-001,Spec v4.7,v4.7,Explicit specification requirement case RC-001 extracted from Spec v4.7,System must enforce contract rules specified under RC-001,src/core/autogram_core/,PARTIAL
Spec v4.7::RC-002,AUD-V45-RATE-001,Spec v4.7,v4.7,Explicit specification requirement case RC-002 extracted from Spec v4.7,System must enforce contract rules specified under RC-002,src/core/autogram_core/,PARTIAL
Spec v4.7::RC-003,AUD-V45-RATE-001,Spec v4.7,v4.7,Explicit specification requirement case RC-003 extracted from Spec v4.7,System must enforce contract rules specified under RC-003,src/core/autogram_core/,PARTIAL
Spec v4.7::RC-004,AUD-V45-RATE-001,Spec v4.7,v4.7,Explicit specification requirement case RC-004 extracted from Spec v4.7,System must enforce contract rules specified under RC-004,src/core/autogram_core/,PARTIAL
Spec v4.7::RC-005,AUD-V45-RATE-001,Spec v4.7,v4.7,Explicit specification requirement case RC-005 extracted from Spec v4.7,System must enforce contract rules specified under RC-005,src/core/autogram_core/,PARTIAL
Spec v4.7::RC-006,AUD-V45-RATE-001,Spec v4.7,v4.7,Explicit specification requirement case RC-006 extracted from Spec v4.7,System must enforce contract rules specified under RC-006,src/core/autogram_core/,PARTIAL
Spec v4.7::RC-007,AUD-V45-RATE-001,Spec v4.7,v4.7,Explicit specification requirement case RC-007 extracted from Spec v4.7,System must enforce contract rules specified under RC-007,src/core/autogram_core/,PARTIAL
Spec v4.7::RC-008,AUD-V45-RATE-001,Spec v4.7,v4.7,Explicit specification requirement case RC-008 extracted from Spec v4.7,System must enforce contract rules specified under RC-008,src/core/autogram_core/,PARTIAL
Spec v4.7::HDR-001,AUD-V47-ENC-001,Spec v4.7,v4.7,Explicit specification requirement case HDR-001 extracted from Spec v4.7,System must enforce contract rules specified under HDR-001,src/core/autogram_core/,PARTIAL
Spec v4.7::HDR-002,AUD-V47-ENC-001,Spec v4.7,v4.7,Explicit specification requirement case HDR-002 extracted from Spec v4.7,System must enforce contract rules specified under HDR-002,src/core/autogram_core/,PARTIAL
Spec v4.7::HDR-003,AUD-V47-ENC-001,Spec v4.7,v4.7,Explicit specification requirement case HDR-003 extracted from Spec v4.7,System must enforce contract rules specified under HDR-003,src/core/autogram_core/,PARTIAL
Spec v4.7::HDR-004,AUD-V47-ENC-001,Spec v4.7,v4.7,Explicit specification requirement case HDR-004 extracted from Spec v4.7,System must enforce contract rules specified under HDR-004,src/core/autogram_core/,PARTIAL
Spec v4.7::HDR-005,AUD-V47-ENC-001,Spec v4.7,v4.7,Explicit specification requirement case HDR-005 extracted from Spec v4.7,System must enforce contract rules specified under HDR-005,src/core/autogram_core/,PARTIAL
Spec v4.7::HDR-006,AUD-V47-ENC-001,Spec v4.7,v4.7,Explicit specification requirement case HDR-006 extracted from Spec v4.7,System must enforce contract rules specified under HDR-006,src/core/autogram_core/,PARTIAL
Spec v4.7::VAL-001,AUD-V41-CAP-001,Spec v4.7,v4.7,Explicit specification requirement case VAL-001 extracted from Spec v4.7,System must enforce contract rules specified under VAL-001,src/core/autogram_core/,PARTIAL
Spec v4.7::VAL-002,AUD-V41-CAP-001,Spec v4.7,v4.7,Explicit specification requirement case VAL-002 extracted from Spec v4.7,System must enforce contract rules specified under VAL-002,src/core/autogram_core/,PARTIAL
Spec v4.7::VAL-003,AUD-V41-CAP-001,Spec v4.7,v4.7,Explicit specification requirement case VAL-003 extracted from Spec v4.7,System must enforce contract rules specified under VAL-003,src/core/autogram_core/,PARTIAL
Spec v4.7::VAL-004,AUD-V41-CAP-001,Spec v4.7,v4.7,Explicit specification requirement case VAL-004 extracted from Spec v4.7,System must enforce contract rules specified under VAL-004,src/core/autogram_core/,PARTIAL
Spec v4.7::VAL-005,AUD-V41-CAP-001,Spec v4.7,v4.7,Explicit specification requirement case VAL-005 extracted from Spec v4.7,System must enforce contract rules specified under VAL-005,src/core/autogram_core/,PARTIAL
Spec v4.7::VAL-006,AUD-V41-CAP-001,Spec v4.7,v4.7,Explicit specification requirement case VAL-006 extracted from Spec v4.7,System must enforce contract rules specified under VAL-006,src/core/autogram_core/,PARTIAL
Spec v4.7::VAL-007,AUD-V41-CAP-001,Spec v4.7,v4.7,Explicit specification requirement case VAL-007 extracted from Spec v4.7,System must enforce contract rules specified under VAL-007,src/core/autogram_core/,PARTIAL
Spec v4.7::VAL-008,AUD-V41-CAP-001,Spec v4.7,v4.7,Explicit specification requirement case VAL-008 extracted from Spec v4.7,System must enforce contract rules specified under VAL-008,src/core/autogram_core/,PARTIAL
Spec v4.7::VAL-009,AUD-V41-CAP-001,Spec v4.7,v4.7,Explicit specification requirement case VAL-009 extracted from Spec v4.7,System must enforce contract rules specified under VAL-009,src/core/autogram_core/,PARTIAL
Spec v4.7::VAL-010,AUD-V41-CAP-001,Spec v4.7,v4.7,Explicit specification requirement case VAL-010 extracted from Spec v4.7,System must enforce contract rules specified under VAL-010,src/core/autogram_core/,PARTIAL
Spec v4.7::FAIL-001,AUD-V45-RATE-001,Spec v4.7,v4.7,Explicit specification requirement case FAIL-001 extracted from Spec v4.7,System must enforce contract rules specified under FAIL-001,src/core/autogram_core/,PARTIAL
Spec v4.7::FAIL-002,AUD-V45-RATE-001,Spec v4.7,v4.7,Explicit specification requirement case FAIL-002 extracted from Spec v4.7,System must enforce contract rules specified under FAIL-002,src/core/autogram_core/,PARTIAL
Spec v4.7::FAIL-003,AUD-V45-RATE-001,Spec v4.7,v4.7,Explicit specification requirement case FAIL-003 extracted from Spec v4.7,System must enforce contract rules specified under FAIL-003,src/core/autogram_core/,PARTIAL
Spec v4.7::FAIL-004,AUD-V45-RATE-001,Spec v4.7,v4.7,Explicit specification requirement case FAIL-004 extracted from Spec v4.7,System must enforce contract rules specified under FAIL-004,src/core/autogram_core/,PARTIAL
Spec v4.7::FAIL-005,AUD-V45-RATE-001,Spec v4.7,v4.7,Explicit specification requirement case FAIL-005 extracted from Spec v4.7,System must enforce contract rules specified under FAIL-005,src/core/autogram_core/,PARTIAL
Spec v4.7::FAIL-006,AUD-V45-RATE-001,Spec v4.7,v4.7,Explicit specification requirement case FAIL-006 extracted from Spec v4.7,System must enforce contract rules specified under FAIL-006,src/core/autogram_core/,PARTIAL
Spec v4.7::FAIL-007,AUD-V45-RATE-001,Spec v4.7,v4.7,Explicit specification requirement case FAIL-007 extracted from Spec v4.7,System must enforce contract rules specified under FAIL-007,src/core/autogram_core/,PARTIAL
Spec v4.7::FAIL-008,AUD-V45-RATE-001,Spec v4.7,v4.7,Explicit specification requirement case FAIL-008 extracted from Spec v4.7,System must enforce contract rules specified under FAIL-008,src/core/autogram_core/,PARTIAL
Spec v4.7::FAIL-009,AUD-V45-RATE-001,Spec v4.7,v4.7,Explicit specification requirement case FAIL-009 extracted from Spec v4.7,System must enforce contract rules specified under FAIL-009,src/core/autogram_core/,PARTIAL
Spec v4.7::FAIL-010,AUD-V45-RATE-001,Spec v4.7,v4.7,Explicit specification requirement case FAIL-010 extracted from Spec v4.7,System must enforce contract rules specified under FAIL-010,src/core/autogram_core/,PARTIAL
Spec v4.7::ALB-001,AUD-V46-ALB-001,Spec v4.7,v4.7,Explicit specification requirement case ALB-001 extracted from Spec v4.7,System must enforce contract rules specified under ALB-001,src/core/autogram_core/,PARTIAL
Spec v4.7::ALB-002,AUD-V46-ALB-001,Spec v4.7,v4.7,Explicit specification requirement case ALB-002 extracted from Spec v4.7,System must enforce contract rules specified under ALB-002,src/core/autogram_core/,PARTIAL
Spec v4.7::ALB-003,AUD-V46-ALB-001,Spec v4.7,v4.7,Explicit specification requirement case ALB-003 extracted from Spec v4.7,System must enforce contract rules specified under ALB-003,src/core/autogram_core/,PARTIAL
Spec v4.7::ALB-004,AUD-V46-ALB-001,Spec v4.7,v4.7,Explicit specification requirement case ALB-004 extracted from Spec v4.7,System must enforce contract rules specified under ALB-004,src/core/autogram_core/,PARTIAL
Spec v4.7::ALB-005,AUD-V46-ALB-001,Spec v4.7,v4.7,Explicit specification requirement case ALB-005 extracted from Spec v4.7,System must enforce contract rules specified under ALB-005,src/core/autogram_core/,PARTIAL
Spec v4.7::ALB-006,AUD-V46-ALB-001,Spec v4.7,v4.7,Explicit specification requirement case ALB-006 extracted from Spec v4.7,System must enforce contract rules specified under ALB-006,src/core/autogram_core/,PARTIAL
Spec v4.7::ALB-007,AUD-V46-ALB-001,Spec v4.7,v4.7,Explicit specification requirement case ALB-007 extracted from Spec v4.7,System must enforce contract rules specified under ALB-007,src/core/autogram_core/,PARTIAL
Spec v4.7::ALB-008,AUD-V46-ALB-001,Spec v4.7,v4.7,Explicit specification requirement case ALB-008 extracted from Spec v4.7,System must enforce contract rules specified under ALB-008,src/core/autogram_core/,PARTIAL
Spec v4.7::OVR-001,AUD-V47-ENC-001,Spec v4.7,v4.7,Explicit specification requirement case OVR-001 extracted from Spec v4.7,System must enforce contract rules specified under OVR-001,src/core/autogram_core/,PARTIAL
Spec v4.7::OVR-002,AUD-V47-ENC-001,Spec v4.7,v4.7,Explicit specification requirement case OVR-002 extracted from Spec v4.7,System must enforce contract rules specified under OVR-002,src/core/autogram_core/,PARTIAL
Spec v4.7::OVR-003,AUD-V47-ENC-001,Spec v4.7,v4.7,Explicit specification requirement case OVR-003 extracted from Spec v4.7,System must enforce contract rules specified under OVR-003,src/core/autogram_core/,PARTIAL
Spec v4.7::OVR-004,AUD-V47-ENC-001,Spec v4.7,v4.7,Explicit specification requirement case OVR-004 extracted from Spec v4.7,System must enforce contract rules specified under OVR-004,src/core/autogram_core/,PARTIAL
Spec v4.7::OVR-005,AUD-V47-ENC-001,Spec v4.7,v4.7,Explicit specification requirement case OVR-005 extracted from Spec v4.7,System must enforce contract rules specified under OVR-005,src/core/autogram_core/,PARTIAL
Spec v4.7::AND-001,AUD-V47-ENC-001,Spec v4.7,v4.7,Explicit specification requirement case AND-001 extracted from Spec v4.7,System must enforce contract rules specified under AND-001,src/core/autogram_core/,PARTIAL
Spec v4.7::AND-002,AUD-V47-ENC-001,Spec v4.7,v4.7,Explicit specification requirement case AND-002 extracted from Spec v4.7,System must enforce contract rules specified under AND-002,src/core/autogram_core/,PARTIAL
Spec v4.7::AND-003,AUD-V47-ENC-001,Spec v4.7,v4.7,Explicit specification requirement case AND-003 extracted from Spec v4.7,System must enforce contract rules specified under AND-003,src/core/autogram_core/,PARTIAL
Spec v4.7::AND-004,AUD-V47-ENC-001,Spec v4.7,v4.7,Explicit specification requirement case AND-004 extracted from Spec v4.7,System must enforce contract rules specified under AND-004,src/core/autogram_core/,PARTIAL
Spec v4.7::AND-005,AUD-V47-ENC-001,Spec v4.7,v4.7,Explicit specification requirement case AND-005 extracted from Spec v4.7,System must enforce contract rules specified under AND-005,src/core/autogram_core/,PARTIAL
Spec v4.7::AND-006,AUD-V47-ENC-001,Spec v4.7,v4.7,Explicit specification requirement case AND-006 extracted from Spec v4.7,System must enforce contract rules specified under AND-006,src/core/autogram_core/,PARTIAL
Spec v4.7::AND-007,AUD-V47-ENC-001,Spec v4.7,v4.7,Explicit specification requirement case AND-007 extracted from Spec v4.7,System must enforce contract rules specified under AND-007,src/core/autogram_core/,PARTIAL
Spec v4.7::AND-008,AUD-V47-ENC-001,Spec v4.7,v4.7,Explicit specification requirement case AND-008 extracted from Spec v4.7,System must enforce contract rules specified under AND-008,src/core/autogram_core/,PARTIAL
Spec v4.7::SEC-001,AUD-V47-ENC-001,Spec v4.7,v4.7,Explicit specification requirement case SEC-001 extracted from Spec v4.7,System must enforce contract rules specified under SEC-001,src/core/autogram_core/,PARTIAL
Spec v4.7::SEC-002,AUD-V47-ENC-001,Spec v4.7,v4.7,Explicit specification requirement case SEC-002 extracted from Spec v4.7,System must enforce contract rules specified under SEC-002,src/core/autogram_core/,PARTIAL
Spec v4.7::SEC-003,AUD-V47-ENC-001,Spec v4.7,v4.7,Explicit specification requirement case SEC-003 extracted from Spec v4.7,System must enforce contract rules specified under SEC-003,src/core/autogram_core/,PARTIAL
Spec v4.7::SEC-004,AUD-V47-ENC-001,Spec v4.7,v4.7,Explicit specification requirement case SEC-004 extracted from Spec v4.7,System must enforce contract rules specified under SEC-004,src/core/autogram_core/,PARTIAL
Spec v4.7::AI-001,AUD-V47-ENC-001,Spec v4.7,v4.7,Explicit specification requirement case AI-001 extracted from Spec v4.7,System must enforce contract rules specified under AI-001,src/core/autogram_core/,PARTIAL
Spec v4.7::AI-002,AUD-V47-ENC-001,Spec v4.7,v4.7,Explicit specification requirement case AI-002 extracted from Spec v4.7,System must enforce contract rules specified under AI-002,src/core/autogram_core/,PARTIAL
Spec v4.7::AI-003,AUD-V47-ENC-001,Spec v4.7,v4.7,Explicit specification requirement case AI-003 extracted from Spec v4.7,System must enforce contract rules specified under AI-003,src/core/autogram_core/,PARTIAL
Spec v4.7::AI-004,AUD-V47-ENC-001,Spec v4.7,v4.7,Explicit specification requirement case AI-004 extracted from Spec v4.7,System must enforce contract rules specified under AI-004,src/core/autogram_core/,PARTIAL
Spec v4.7::AI-005,AUD-V47-ENC-001,Spec v4.7,v4.7,Explicit specification requirement case AI-005 extracted from Spec v4.7,System must enforce contract rules specified under AI-005,src/core/autogram_core/,PARTIAL
Spec v4.7::AI-006,AUD-V47-ENC-001,Spec v4.7,v4.7,Explicit specification requirement case AI-006 extracted from Spec v4.7,System must enforce contract rules specified under AI-006,src/core/autogram_core/,PARTIAL
Spec v4.7::AI-007,AUD-V47-ENC-001,Spec v4.7,v4.7,Explicit specification requirement case AI-007 extracted from Spec v4.7,System must enforce contract rules specified under AI-007,src/core/autogram_core/,PARTIAL
Spec v4.7::AI-008,AUD-V47-ENC-001,Spec v4.7,v4.7,Explicit specification requirement case AI-008 extracted from Spec v4.7,System must enforce contract rules specified under AI-008,src/core/autogram_core/,PARTIAL
